timeindex,3P-SEK2,3P,heat_profile
2023-01-01T00:00:00Z,54.822,0,2.07426447873108E-06
2023-01-01T00:01:00Z,55.1165,0,2.07426447873108E-06
2023-01-01T00:02:00Z,54.9925,0,2.07426447873108E-06
2023-01-01T00:03:00Z,55.1165,0,2.07426447873108E-06
2023-01-01T00:04:00Z,54.9615,0,2.07426447873108E-06
2023-01-01T00:05:00Z,80.101,0,2.07426447873108E-06
2023-01-01T00:06:00Z,54.9615,0,2.07426447873108E-06
2023-01-01T00:07:00Z,54.9305,0,2.07426447873108E-06
2023-01-01T00:08:00Z,54.822,0,2.07426447873108E-06
2023-01-01T00:09:00Z,55.132,0,2.07426447873108E-06
2023-01-01T00:10:00Z,102.097,0,2.07426447873108E-06
2023-01-01T00:11:00Z,55.0545,0,2.07426447873108E-06
2023-01-01T00:12:00Z,54.791,0,2.07426447873108E-06
2023-01-01T00:13:00Z,54.9925,0,2.07426447873108E-06
2023-01-01T00:14:00Z,209.7965,0,2.07426447873108E-06
2023-01-01T00:15:00Z,189.962,0,2.07426447873108E-06
2023-01-01T00:16:00Z,202.2375,0,2.07426447873108E-06
2023-01-01T00:17:00Z,199.094,0,2.07426447873108E-06
2023-01-01T00:18:00Z,196.5135,0,2.07426447873108E-06
2023-01-01T00:19:00Z,193.9605,0,2.07426447873108E-06
2023-01-01T00:20:00Z,191.3955,0,2.07426447873108E-06
2023-01-01T00:21:00Z,188.967,0,2.07426447873108E-06
2023-01-01T00:22:00Z,188.5005,0,2.07426447873108E-06
2023-01-01T00:23:00Z,187.2415,0,2.07426447873108E-06
2023-01-01T00:24:00Z,185.839,0,2.07426447873108E-06
2023-01-01T00:25:00Z,184.518,0,2.07426447873108E-06
2023-01-01T00:26:00Z,208.2105,0,2.07426447873108E-06
2023-01-01T00:27:00Z,206.9045,0,2.07426447873108E-06
2023-01-01T00:28:00Z,188.657,0,2.07426447873108E-06
2023-01-01T00:29:00Z,179.1985,0,2.07426447873108E-06
2023-01-01T00:30:00Z,179.493,0,2.07426447873108E-06
2023-01-01T00:31:00Z,179.0885,0,2.07426447873108E-06
2023-01-01T00:32:00Z,177.176,0,2.07426447873108E-06
2023-01-01T00:33:00Z,177.5655,0,2.07426447873108E-06
2023-01-01T00:34:00Z,177.0365,0,2.07426447873108E-06
2023-01-01T00:35:00Z,175.992,0,2.07426447873108E-06
2023-01-01T00:36:00Z,54.605,0,2.07426447873108E-06
2023-01-01T00:37:00Z,55.1165,0,2.07426447873108E-06
2023-01-01T00:38:00Z,54.8685,0,2.07426447873108E-06
2023-01-01T00:39:00Z,54.822,0,2.07426447873108E-06
2023-01-01T00:40:00Z,54.9305,0,2.07426447873108E-06
2023-01-01T00:41:00Z,54.8995,0,2.07426447873108E-06
2023-01-01T00:42:00Z,54.8685,0,2.07426447873108E-06
2023-01-01T00:43:00Z,54.9615,0,2.07426447873108E-06
2023-01-01T00:44:00Z,54.853,0,2.07426447873108E-06
2023-01-01T00:45:00Z,54.9615,0,2.07426447873108E-06
2023-01-01T00:46:00Z,54.884,0,2.07426447873108E-06
2023-01-01T00:47:00Z,54.853,0,2.07426447873108E-06
2023-01-01T00:48:00Z,54.8995,0,2.07426447873108E-06
2023-01-01T00:49:00Z,54.8685,0,2.07426447873108E-06
2023-01-01T00:50:00Z,54.791,0,2.07426447873108E-06
2023-01-01T00:51:00Z,54.9615,0,2.07426447873108E-06
2023-01-01T00:52:00Z,130.958,0,2.07426447873108E-06
2023-01-01T00:53:00Z,330.3965,0,2.07426447873108E-06
2023-01-01T00:54:00Z,299.2415,0,2.07426447873108E-06
2023-01-01T00:55:00Z,287.9265,0,2.07426447873108E-06
2023-01-01T00:56:00Z,282.765,0,2.07426447873108E-06
2023-01-01T00:57:00Z,280.688,0,2.07426447873108E-06
2023-01-01T00:58:00Z,280.192,0,2.07426447873108E-06
2023-01-01T00:59:00Z,282.6875,0,2.07426447873108E-06
2023-01-01T01:00:00Z,281.184,0,2.1373942672142E-06
2023-01-01T01:01:00Z,279.0605,0,2.1373942672142E-06
2023-01-01T01:02:00Z,302.4495,0,2.1373942672142E-06
2023-01-01T01:03:00Z,275.852,0.814245922047809,2.1373942672142E-06
2023-01-01T01:04:00Z,271.667,0,2.1373942672142E-06
2023-01-01T01:05:00Z,231.8165,0,2.1373942672142E-06
2023-01-01T01:06:00Z,54.8685,0,2.1373942672142E-06
2023-01-01T01:07:00Z,54.915,0,2.1373942672142E-06
2023-01-01T01:08:00Z,55.2095,0,2.1373942672142E-06
2023-01-01T01:09:00Z,54.915,0,2.1373942672142E-06
2023-01-01T01:10:00Z,54.5585,0,2.1373942672142E-06
2023-01-01T01:11:00Z,54.9615,0,2.1373942672142E-06
2023-01-01T01:12:00Z,54.8375,0,2.1373942672142E-06
2023-01-01T01:13:00Z,54.357,0,2.1373942672142E-06
2023-01-01T01:14:00Z,924.884,0,2.1373942672142E-06
2023-01-01T01:15:00Z,925.008,0,2.1373942672142E-06
2023-01-01T01:16:00Z,925.2715,0,2.1373942672142E-06
2023-01-01T01:17:00Z,924.9615,0,2.1373942672142E-06
2023-01-01T01:18:00Z,1087.9025,0,2.1373942672142E-06
2023-01-01T01:19:00Z,207.0915,0,2.1373942672142E-06
2023-01-01T01:20:00Z,205.5165,0,2.1373942672142E-06
2023-01-01T01:21:00Z,200.761,0,2.1373942672142E-06
2023-01-01T01:22:00Z,198.1925,0,2.1373942672142E-06
2023-01-01T01:23:00Z,195.5155,0,2.1373942672142E-06
2023-01-01T01:24:00Z,323.197,0,2.1373942672142E-06
2023-01-01T01:25:00Z,191.0965,0,2.1373942672142E-06
2023-01-01T01:26:00Z,189.1375,0,2.1373942672142E-06
2023-01-01T01:27:00Z,187.0245,0,2.1373942672142E-06
2023-01-01T01:28:00Z,186.4175,0,2.1373942672142E-06
2023-01-01T01:29:00Z,184.8125,0,2.1373942672142E-06
2023-01-01T01:30:00Z,183.336,0,2.1373942672142E-06
2023-01-01T01:31:00Z,181.4555,0,2.1373942672142E-06
2023-01-01T01:32:00Z,180.597,0,2.1373942672142E-06
2023-01-01T01:33:00Z,178.9485,0,2.1373942672142E-06
2023-01-01T01:34:00Z,176.8195,0,2.1373942672142E-06
2023-01-01T01:35:00Z,55.2095,0,2.1373942672142E-06
2023-01-01T01:36:00Z,55.132,0,2.1373942672142E-06
2023-01-01T01:37:00Z,299.3655,0,2.1373942672142E-06
2023-01-01T01:38:00Z,300.9155,0,2.1373942672142E-06
2023-01-01T01:39:00Z,283.695,0,2.1373942672142E-06
2023-01-01T01:40:00Z,282.083,0,2.1373942672142E-06
2023-01-01T01:41:00Z,281.773,0,2.1373942672142E-06
2023-01-01T01:42:00Z,280.843,0,2.1373942672142E-06
2023-01-01T01:43:00Z,279.9285,0,2.1373942672142E-06
2023-01-01T01:44:00Z,279.665,0,2.1373942672142E-06
2023-01-01T01:45:00Z,276.038,0,2.1373942672142E-06
2023-01-01T01:46:00Z,273.8835,0,2.1373942672142E-06
2023-01-01T01:47:00Z,270.5975,0,2.1373942672142E-06
2023-01-01T01:48:00Z,268.6135,0,2.1373942672142E-06
2023-01-01T01:49:00Z,112.3115,0,2.1373942672142E-06
2023-01-01T01:50:00Z,55.039,0,2.1373942672142E-06
2023-01-01T01:51:00Z,54.3415,0,2.1373942672142E-06
2023-01-01T01:52:00Z,54.8375,0,2.1373942672142E-06
2023-01-01T01:53:00Z,54.6515,0,2.1373942672142E-06
2023-01-01T01:54:00Z,54.4965,0,2.1373942672142E-06
2023-01-01T01:55:00Z,53.7215,0,2.1373942672142E-06
2023-01-01T01:56:00Z,53.5665,0,2.1373942672142E-06
2023-01-01T01:57:00Z,56.4185,0,2.1373942672142E-06
2023-01-01T01:58:00Z,54.0935,0,2.1373942672142E-06
2023-01-01T01:59:00Z,54.2795,0,2.1373942672142E-06
2023-01-01T02:00:00Z,54.0625,0,2.19150551448545E-06
2023-01-01T02:01:00Z,53.7525,0,2.19150551448545E-06
2023-01-01T02:02:00Z,54.481,0,2.19150551448545E-06
2023-01-01T02:03:00Z,54.481,0,2.19150551448545E-06
2023-01-01T02:04:00Z,54.9615,0,2.19150551448545E-06
2023-01-01T02:05:00Z,55.132,0,2.19150551448545E-06
2023-01-01T02:06:00Z,54.636,0,2.19150551448545E-06
2023-01-01T02:07:00Z,55.194,0,2.19150551448545E-06
2023-01-01T02:08:00Z,54.884,0,2.19150551448545E-06
2023-01-01T02:09:00Z,54.481,0,2.19150551448545E-06
2023-01-01T02:10:00Z,54.9615,0,2.19150551448545E-06
2023-01-01T02:11:00Z,54.9615,0,2.19150551448545E-06
2023-01-01T02:12:00Z,55.2715,0,2.19150551448545E-06
2023-01-01T02:13:00Z,54.9925,0,2.19150551448545E-06
2023-01-01T02:14:00Z,54.822,0,2.19150551448545E-06
2023-01-01T02:15:00Z,55.0855,0,2.19150551448545E-06
2023-01-01T02:16:00Z,54.7755,0,2.19150551448545E-06
2023-01-01T02:17:00Z,54.7755,0,2.19150551448545E-06
2023-01-01T02:18:00Z,54.8995,0,2.19150551448545E-06
2023-01-01T02:19:00Z,54.8375,0,2.19150551448545E-06
2023-01-01T02:20:00Z,54.8375,0,2.19150551448545E-06
2023-01-01T02:21:00Z,54.915,0,2.19150551448545E-06
2023-01-01T02:22:00Z,54.7135,0,2.19150551448545E-06
2023-01-01T02:23:00Z,55.132,0,2.19150551448545E-06
2023-01-01T02:24:00Z,55.1165,0,2.19150551448545E-06
2023-01-01T02:25:00Z,54.8065,0,2.19150551448545E-06
2023-01-01T02:26:00Z,54.884,0,2.19150551448545E-06
2023-01-01T02:27:00Z,54.853,0,2.19150551448545E-06
2023-01-01T02:28:00Z,256.3685,0,2.19150551448545E-06
2023-01-01T02:29:00Z,459.1845,0,2.19150551448545E-06
2023-01-01T02:30:00Z,436.629,0,2.19150551448545E-06
2023-01-01T02:31:00Z,431.0855,0,2.19150551448545E-06
2023-01-01T02:32:00Z,425.629,0,2.19150551448545E-06
2023-01-01T02:33:00Z,422.289,0,2.19150551448545E-06
2023-01-01T02:34:00Z,420.6205,0,2.19150551448545E-06
2023-01-01T02:35:00Z,418.991,0,2.19150551448545E-06
2023-01-01T02:36:00Z,412.3955,0,2.19150551448545E-06
2023-01-01T02:37:00Z,407.4575,0,2.19150551448545E-06
2023-01-01T02:38:00Z,403.501,0,2.19150551448545E-06
2023-01-01T02:39:00Z,391.592,0,2.19150551448545E-06
2023-01-01T02:40:00Z,185.046,0,2.19150551448545E-06
2023-01-01T02:41:00Z,183.8955,0,2.19150551448545E-06
2023-01-01T02:42:00Z,183.0715,0,2.19150551448545E-06
2023-01-01T02:43:00Z,181.0475,0,2.19150551448545E-06
2023-01-01T02:44:00Z,180.3635,0,2.19150551448545E-06
2023-01-01T02:45:00Z,179.431,0,2.19150551448545E-06
2023-01-01T02:46:00Z,178.3265,0,2.19150551448545E-06
2023-01-01T02:47:00Z,54.543,0,2.19150551448545E-06
2023-01-01T02:48:00Z,55.194,0,2.19150551448545E-06
2023-01-01T02:49:00Z,55.2405,0,2.19150551448545E-06
2023-01-01T02:50:00Z,55.0545,0,2.19150551448545E-06
2023-01-01T02:51:00Z,55.0235,0,2.19150551448545E-06
2023-01-01T02:52:00Z,54.7755,0,2.19150551448545E-06
2023-01-01T02:53:00Z,55.0235,0,2.19150551448545E-06
2023-01-01T02:54:00Z,54.9615,0,2.19150551448545E-06
2023-01-01T02:55:00Z,55.039,0,2.19150551448545E-06
2023-01-01T02:56:00Z,54.915,0,2.19150551448545E-06
2023-01-01T02:57:00Z,54.791,0,2.19150551448545E-06
2023-01-01T02:58:00Z,54.7135,0,2.19150551448545E-06
2023-01-01T02:59:00Z,54.822,0,2.19150551448545E-06
2023-01-01T03:00:00Z,54.915,0,2.36285779751106E-06
2023-01-01T03:01:00Z,54.8685,0,2.36285779751106E-06
2023-01-01T03:02:00Z,55.039,0,2.36285779751106E-06
2023-01-01T03:03:00Z,54.8685,0,2.36285779751106E-06
2023-01-01T03:04:00Z,54.9305,0,2.36285779751106E-06
2023-01-01T03:05:00Z,54.9925,0,2.36285779751106E-06
2023-01-01T03:06:00Z,54.822,0,2.36285779751106E-06
2023-01-01T03:07:00Z,54.915,0,2.36285779751106E-06
2023-01-01T03:08:00Z,54.5895,0,2.36285779751106E-06
2023-01-01T03:09:00Z,54.822,0,2.36285779751106E-06
2023-01-01T03:10:00Z,54.9615,0,2.36285779751106E-06
2023-01-01T03:11:00Z,54.9925,0,2.36285779751106E-06
2023-01-01T03:12:00Z,54.8995,0,2.36285779751106E-06
2023-01-01T03:13:00Z,54.2795,0,2.36285779751106E-06
2023-01-01T03:14:00Z,982.5585,0,2.36285779751106E-06
2023-01-01T03:15:00Z,983.0235,0,2.36285779751106E-06
2023-01-01T03:16:00Z,983.008,0,2.36285779751106E-06
2023-01-01T03:17:00Z,982.9615,0,2.36285779751106E-06
2023-01-01T03:18:00Z,982.9305,0,2.36285779751106E-06
2023-01-01T03:19:00Z,982.8995,0,2.36285779751106E-06
2023-01-01T03:20:00Z,983.0545,0,2.36285779751106E-06
2023-01-01T03:21:00Z,982.884,0,2.36285779751106E-06
2023-01-01T03:22:00Z,1221.7855,0,2.36285779751106E-06
2023-01-01T03:23:00Z,297.738,0,2.36285779751106E-06
2023-01-01T03:24:00Z,284.2375,0,2.36285779751106E-06
2023-01-01T03:25:00Z,281.835,0,2.36285779751106E-06
2023-01-01T03:26:00Z,281.0445,0,2.36285779751106E-06
2023-01-01T03:27:00Z,279.9905,0,2.36285779751106E-06
2023-01-01T03:28:00Z,305.563,0,2.36285779751106E-06
2023-01-01T03:29:00Z,462.07,0,2.36285779751106E-06
2023-01-01T03:30:00Z,452.1425,0,2.36285779751106E-06
2023-01-01T03:31:00Z,445.682,0,2.36285779751106E-06
2023-01-01T03:32:00Z,415.368,0,2.36285779751106E-06
2023-01-01T03:33:00Z,268.418,0,2.36285779751106E-06
2023-01-01T03:34:00Z,195.593,0,2.36285779751106E-06
2023-01-01T03:35:00Z,193.5405,0,2.36285779751106E-06
2023-01-01T03:36:00Z,191.5505,0,2.36285779751106E-06
2023-01-01T03:37:00Z,189.2005,0,2.36285779751106E-06
2023-01-01T03:38:00Z,187.6455,0,2.36285779751106E-06
2023-01-01T03:39:00Z,186.2625,0,2.36285779751106E-06
2023-01-01T03:40:00Z,185.5445,0,2.36285779751106E-06
2023-01-01T03:41:00Z,184.2065,0,2.36285779751106E-06
2023-01-01T03:42:00Z,182.684,0,2.36285779751106E-06
2023-01-01T03:43:00Z,181.3935,0,2.36285779751106E-06
2023-01-01T03:44:00Z,180.5495,0,2.36285779751106E-06
2023-01-01T03:45:00Z,179.834,0,2.36285779751106E-06
2023-01-01T03:46:00Z,178.855,0,2.36285779751106E-06
2023-01-01T03:47:00Z,177.208,0,2.36285779751106E-06
2023-01-01T03:48:00Z,177.1605,0,2.36285779751106E-06
2023-01-01T03:49:00Z,54.9615,0,2.36285779751106E-06
2023-01-01T03:50:00Z,54.8685,0,2.36285779751106E-06
2023-01-01T03:51:00Z,54.7445,0,2.36285779751106E-06
2023-01-01T03:52:00Z,54.853,0,2.36285779751106E-06
2023-01-01T03:53:00Z,54.9305,0,2.36285779751106E-06
2023-01-01T03:54:00Z,54.853,0,2.36285779751106E-06
2023-01-01T03:55:00Z,55.132,0,2.36285779751106E-06
2023-01-01T03:56:00Z,54.853,0,2.36285779751106E-06
2023-01-01T03:57:00Z,54.76,0,2.36285779751106E-06
2023-01-01T03:58:00Z,54.9925,0,2.36285779751106E-06
2023-01-01T03:59:00Z,54.791,0,2.36285779751106E-06
2023-01-01T04:00:00Z,54.915,0,2.81378485810478E-06
2023-01-01T04:01:00Z,54.791,0,2.81378485810478E-06
2023-01-01T04:02:00Z,54.8065,0,2.81378485810478E-06
2023-01-01T04:03:00Z,54.822,0,2.81378485810478E-06
2023-01-01T04:04:00Z,54.667,0,2.81378485810478E-06
2023-01-01T04:05:00Z,54.667,0,2.81378485810478E-06
2023-01-01T04:06:00Z,54.853,0,2.81378485810478E-06
2023-01-01T04:07:00Z,54.729,0,2.81378485810478E-06
2023-01-01T04:08:00Z,55.101,0,2.81378485810478E-06
2023-01-01T04:09:00Z,55.0545,0,2.81378485810478E-06
2023-01-01T04:10:00Z,54.9305,0,2.81378485810478E-06
2023-01-01T04:11:00Z,54.6515,0,2.81378485810478E-06
2023-01-01T04:12:00Z,55.1165,0,2.81378485810478E-06
2023-01-01T04:13:00Z,55.039,0,2.81378485810478E-06
2023-01-01T04:14:00Z,55.287,0,2.81378485810478E-06
2023-01-01T04:15:00Z,54.822,0,2.81378485810478E-06
2023-01-01T04:16:00Z,135.8715,0,2.81378485810478E-06
2023-01-01T04:17:00Z,310.2,0,2.81378485810478E-06
2023-01-01T04:18:00Z,290.9645,0,2.81378485810478E-06
2023-01-01T04:19:00Z,282.145,0,2.81378485810478E-06
2023-01-01T04:20:00Z,280.4245,0,2.81378485810478E-06
2023-01-01T04:21:00Z,279.2465,0,2.81378485810478E-06
2023-01-01T04:22:00Z,279.0605,0,2.81378485810478E-06
2023-01-01T04:23:00Z,279.262,0,2.81378485810478E-06
2023-01-01T04:24:00Z,276.9525,0,2.81378485810478E-06
2023-01-01T04:25:00Z,273.124,0,2.81378485810478E-06
2023-01-01T04:26:00Z,270.5975,0,2.81378485810478E-06
2023-01-01T04:27:00Z,268.66,0,2.81378485810478E-06
2023-01-01T04:28:00Z,72.8175,0,2.81378485810478E-06
2023-01-01T04:29:00Z,54.884,0,2.81378485810478E-06
2023-01-01T04:30:00Z,54.884,0,2.81378485810478E-06
2023-01-01T04:31:00Z,55.1165,0,2.81378485810478E-06
2023-01-01T04:32:00Z,55.2715,0,2.81378485810478E-06
2023-01-01T04:33:00Z,54.884,0,2.81378485810478E-06
2023-01-01T04:34:00Z,54.9615,0,2.81378485810478E-06
2023-01-01T04:35:00Z,55.442,0,2.81378485810478E-06
2023-01-01T04:36:00Z,54.8995,0,2.81378485810478E-06
2023-01-01T04:37:00Z,54.7445,0,2.81378485810478E-06
2023-01-01T04:38:00Z,54.791,0,2.81378485810478E-06
2023-01-01T04:39:00Z,54.853,0,2.81378485810478E-06
2023-01-01T04:40:00Z,54.7135,0,2.81378485810478E-06
2023-01-01T04:41:00Z,55.0545,0,2.81378485810478E-06
2023-01-01T04:42:00Z,55.5505,0,2.81378485810478E-06
2023-01-01T04:43:00Z,211.1365,0,2.81378485810478E-06
2023-01-01T04:44:00Z,206.5625,0,2.81378485810478E-06
2023-01-01T04:45:00Z,203.1245,0,2.81378485810478E-06
2023-01-01T04:46:00Z,199.763,0,2.81378485810478E-06
2023-01-01T04:47:00Z,198.083,0,2.81378485810478E-06
2023-01-01T04:48:00Z,194.986,0,2.81378485810478E-06
2023-01-01T04:49:00Z,194.379,0,2.81378485810478E-06
2023-01-01T04:50:00Z,191.05,0,2.81378485810478E-06
2023-01-01T04:51:00Z,190.1485,0,2.81378485810478E-06
2023-01-01T04:52:00Z,188.5315,0,2.81378485810478E-06
2023-01-01T04:53:00Z,186.9765,0,2.81378485810478E-06
2023-01-01T04:54:00Z,184.6575,0,2.81378485810478E-06
2023-01-01T04:55:00Z,183.491,0,2.81378485810478E-06
2023-01-01T04:56:00Z,182.1545,0,2.81378485810478E-06
2023-01-01T04:57:00Z,180.9535,0,2.81378485810478E-06
2023-01-01T04:58:00Z,179.3845,0,2.81378485810478E-06
2023-01-01T04:59:00Z,178.9635,0,2.81378485810478E-06
2023-01-01T05:00:00Z,55.163,0,4.04030646291968E-06
2023-01-01T05:01:00Z,55.1475,0,4.04030646291968E-06
2023-01-01T05:02:00Z,55.008,0,4.04030646291968E-06
2023-01-01T05:03:00Z,54.791,0,4.04030646291968E-06
2023-01-01T05:04:00Z,54.7755,0,4.04030646291968E-06
2023-01-01T05:05:00Z,54.9925,0,4.04030646291968E-06
2023-01-01T05:06:00Z,55.1165,0,4.04030646291968E-06
2023-01-01T05:07:00Z,54.9925,0,4.04030646291968E-06
2023-01-01T05:08:00Z,54.574,0,4.04030646291968E-06
2023-01-01T05:09:00Z,54.76,0,4.04030646291968E-06
2023-01-01T05:10:00Z,54.2795,0,4.04030646291968E-06
2023-01-01T05:11:00Z,54.7445,0,4.04030646291968E-06
2023-01-01T05:12:00Z,206.3345,0,4.04030646291968E-06
2023-01-01T05:13:00Z,311.5795,0,4.04030646291968E-06
2023-01-01T05:14:00Z,290.0655,0,4.04030646291968E-06
2023-01-01T05:15:00Z,283.137,0,4.04030646291968E-06
2023-01-01T05:16:00Z,281.246,0,4.04030646291968E-06
2023-01-01T05:17:00Z,279.8975,0,4.04030646291968E-06
2023-01-01T05:18:00Z,279.8045,0,4.04030646291968E-06
2023-01-01T05:19:00Z,279.789,0,4.04030646291968E-06
2023-01-01T05:20:00Z,277.9755,0,4.04030646291968E-06
2023-01-01T05:21:00Z,274.085,0,4.04030646291968E-06
2023-01-01T05:22:00Z,271.0315,0,4.04030646291968E-06
2023-01-01T05:23:00Z,269.001,0,4.04030646291968E-06
2023-01-01T05:24:00Z,99.338,0,4.04030646291968E-06
2023-01-01T05:25:00Z,54.853,0,4.04030646291968E-06
2023-01-01T05:26:00Z,54.76,0,4.04030646291968E-06
2023-01-01T05:27:00Z,54.9305,0,4.04030646291968E-06
2023-01-01T05:28:00Z,55.163,0,4.04030646291968E-06
2023-01-01T05:29:00Z,54.698,0,4.04030646291968E-06
2023-01-01T05:30:00Z,54.8065,0,4.04030646291968E-06
2023-01-01T05:31:00Z,54.6515,0,4.04030646291968E-06
2023-01-01T05:32:00Z,55.442,0,4.04030646291968E-06
2023-01-01T05:33:00Z,55.132,0,4.04030646291968E-06
2023-01-01T05:34:00Z,55.287,0,4.04030646291968E-06
2023-01-01T05:35:00Z,55.101,0,4.04030646291968E-06
2023-01-01T05:36:00Z,55.1785,0,4.04030646291968E-06
2023-01-01T05:37:00Z,54.76,0,4.04030646291968E-06
2023-01-01T05:38:00Z,55.225,0,4.04030646291968E-06
2023-01-01T05:39:00Z,54.8685,0,4.04030646291968E-06
2023-01-01T05:40:00Z,54.76,0,4.04030646291968E-06
2023-01-01T05:41:00Z,54.791,0,4.04030646291968E-06
2023-01-01T05:42:00Z,55.38,0,4.04030646291968E-06
2023-01-01T05:43:00Z,55.132,0,4.04030646291968E-06
2023-01-01T05:44:00Z,54.6825,0,4.04030646291968E-06
2023-01-01T05:45:00Z,55.1475,0,4.04030646291968E-06
2023-01-01T05:46:00Z,54.76,0,4.04030646291968E-06
2023-01-01T05:47:00Z,54.481,0,4.04030646291968E-06
2023-01-01T05:48:00Z,55.3335,0,4.04030646291968E-06
2023-01-01T05:49:00Z,54.76,0,4.04030646291968E-06
2023-01-01T05:50:00Z,55.0545,0,4.04030646291968E-06
2023-01-01T05:51:00Z,54.6515,0,4.04030646291968E-06
2023-01-01T05:52:00Z,54.915,0,4.04030646291968E-06
2023-01-01T05:53:00Z,54.8995,0,4.04030646291968E-06
2023-01-01T05:54:00Z,55.0235,0,4.04030646291968E-06
2023-01-01T05:55:00Z,54.8995,0,4.04030646291968E-06
2023-01-01T05:56:00Z,54.884,0,4.04030646291968E-06
2023-01-01T05:57:00Z,54.76,0,4.04030646291968E-06
2023-01-01T05:58:00Z,54.853,0,4.04030646291968E-06
2023-01-01T05:59:00Z,368.0885,0,4.04030646291968E-06
2023-01-01T06:00:00Z,205.409,0,5.20369827925146E-06
2023-01-01T06:01:00Z,205.1755,0,5.20369827925146E-06
2023-01-01T06:02:00Z,199.918,0,5.20369827925146E-06
2023-01-01T06:03:00Z,197.384,0,5.20369827925146E-06
2023-01-01T06:04:00Z,195.686,0,5.20369827925146E-06
2023-01-01T06:05:00Z,194.458,0,5.20369827925146E-06
2023-01-01T06:06:00Z,192.111,0,5.20369827925146E-06
2023-01-01T06:07:00Z,190.8475,0,5.20369827925146E-06
2023-01-01T06:08:00Z,189.4485,0,5.20369827925146E-06
2023-01-01T06:09:00Z,188.112,0,5.20369827925146E-06
2023-01-01T06:10:00Z,232.5415,0,5.20369827925146E-06
2023-01-01T06:11:00Z,231.015,0,5.20369827925146E-06
2023-01-01T06:12:00Z,229.4135,0,5.20369827925146E-06
2023-01-01T06:13:00Z,228.108,0,5.20369827925146E-06
2023-01-01T06:14:00Z,265.035,3.10426475256039,5.20369827925146E-06
2023-01-01T06:15:00Z,264.614,0,5.20369827925146E-06
2023-01-01T06:16:00Z,263.014,0.231135312454248,5.20369827925146E-06
2023-01-01T06:17:00Z,139.4305,0,5.20369827925146E-06
2023-01-01T06:18:00Z,139.384,0,5.20369827925146E-06
2023-01-01T06:19:00Z,139.3375,0,5.20369827925146E-06
2023-01-01T06:20:00Z,139.415,0,5.20369827925146E-06
2023-01-01T06:21:00Z,139.26,0,5.20369827925146E-06
2023-01-01T06:22:00Z,139.384,3.87101616428021,5.20369827925146E-06
2023-01-01T06:23:00Z,139.384,0,5.20369827925146E-06
2023-01-01T06:24:00Z,139.6165,0,5.20369827925146E-06
2023-01-01T06:25:00Z,216.6825,0,5.20369827925146E-06
2023-01-01T06:26:00Z,414.819,0,5.20369827925146E-06
2023-01-01T06:27:00Z,381.401,0,5.20369827925146E-06
2023-01-01T06:28:00Z,370.613,0,5.20369827925146E-06
2023-01-01T06:29:00Z,367.11,0,5.20369827925146E-06
2023-01-01T06:30:00Z,365.002,0,5.20369827925146E-06
2023-01-01T06:31:00Z,363.7465,0,5.20369827925146E-06
2023-01-01T06:32:00Z,364.2115,0,5.20369827925146E-06
2023-01-01T06:33:00Z,362.522,0,5.20369827925146E-06
2023-01-01T06:34:00Z,361.1115,0,5.20369827925146E-06
2023-01-01T06:35:00Z,211.9395,0,5.20369827925146E-06
2023-01-01T06:36:00Z,139.415,0,5.20369827925146E-06
2023-01-01T06:37:00Z,139.5235,0,5.20369827925146E-06
2023-01-01T06:38:00Z,139.353,0,5.20369827925146E-06
2023-01-01T06:39:00Z,139.2135,0,5.20369827925146E-06
2023-01-01T06:40:00Z,139.291,0,5.20369827925146E-06
2023-01-01T06:41:00Z,139.415,0,5.20369827925146E-06
2023-01-01T06:42:00Z,139.26,0,5.20369827925146E-06
2023-01-01T06:43:00Z,139.291,0,5.20369827925146E-06
2023-01-01T06:44:00Z,139.3065,0,5.20369827925146E-06
2023-01-01T06:45:00Z,139.4925,4.46688030789543,5.20369827925146E-06
2023-01-01T06:46:00Z,139.3685,0,5.20369827925146E-06
2023-01-01T06:47:00Z,139.4925,0,5.20369827925146E-06
2023-01-01T06:48:00Z,139.4615,0,5.20369827925146E-06
2023-01-01T06:49:00Z,139.5235,0,5.20369827925146E-06
2023-01-01T06:50:00Z,139.5855,0,5.20369827925146E-06
2023-01-01T06:51:00Z,139.632,0,5.20369827925146E-06
2023-01-01T06:52:00Z,139.1825,0,5.20369827925146E-06
2023-01-01T06:53:00Z,139.8025,0,5.20369827925146E-06
2023-01-01T06:54:00Z,138.8415,0,5.20369827925146E-06
2023-01-01T06:55:00Z,139.3375,0,5.20369827925146E-06
2023-01-01T06:56:00Z,139.4615,0,5.20369827925146E-06
2023-01-01T06:57:00Z,1009.632,0,5.20369827925146E-06
2023-01-01T06:58:00Z,1009.3375,0,5.20369827925146E-06
2023-01-01T06:59:00Z,1009.229,0,5.20369827925146E-06
2023-01-01T07:00:00Z,1204.739,0,4.84295663077649E-06
2023-01-01T07:01:00Z,1204.6615,0,4.84295663077649E-06
2023-01-01T07:02:00Z,334.553,0,4.84295663077649E-06
2023-01-01T07:03:00Z,334.6615,0.432470567498878,4.84295663077649E-06
2023-01-01T07:04:00Z,334.553,0,4.84295663077649E-06
2023-01-01T07:05:00Z,334.9095,0,4.84295663077649E-06
2023-01-01T07:06:00Z,334.7545,0,4.84295663077649E-06
2023-01-01T07:07:00Z,334.5375,0,4.84295663077649E-06
2023-01-01T07:08:00Z,334.491,0,4.84295663077649E-06
2023-01-01T07:09:00Z,334.553,0,4.84295663077649E-06
2023-01-01T07:10:00Z,334.553,0,4.84295663077649E-06
2023-01-01T07:11:00Z,334.6615,0,4.84295663077649E-06
2023-01-01T07:12:00Z,334.584,0,4.84295663077649E-06
2023-01-01T07:13:00Z,334.7855,5.2082131652299,4.84295663077649E-06
2023-01-01T07:14:00Z,334.491,5.2082131652299,4.84295663077649E-06
2023-01-01T07:15:00Z,486.013,5.2082131652299,4.84295663077649E-06
2023-01-01T07:16:00Z,484.828,5.2082131652299,4.84295663077649E-06
2023-01-01T07:17:00Z,480.9725,5.2082131652299,4.84295663077649E-06
2023-01-01T07:18:00Z,477.597,0,4.84295663077649E-06
2023-01-01T07:19:00Z,476.1205,0,4.84295663077649E-06
2023-01-01T07:20:00Z,474.6085,0,4.84295663077649E-06
2023-01-01T07:21:00Z,472.417,1.22385411994478,4.84295663077649E-06
2023-01-01T07:22:00Z,479.2745,0,4.84295663077649E-06
2023-01-01T07:23:00Z,480.1165,0,4.84295663077649E-06
2023-01-01T07:24:00Z,491.619,0,4.84295663077649E-06
2023-01-01T07:25:00Z,1479.7535,0,4.84295663077649E-06
2023-01-01T07:26:00Z,2157.516,0.563784377582919,4.84295663077649E-06
2023-01-01T07:27:00Z,2157.182,1.11623941492649,4.84295663077649E-06
2023-01-01T07:28:00Z,2151.306,0,4.84295663077649E-06
2023-01-01T07:29:00Z,2153.414,0,4.84295663077649E-06
2023-01-01T07:30:00Z,2152.0525,0,4.84295663077649E-06
2023-01-01T07:31:00Z,2148.74,0,4.84295663077649E-06
2023-01-01T07:32:00Z,2026.402,0,4.84295663077649E-06
2023-01-01T07:33:00Z,2025.0835,3.81549281014804,4.84295663077649E-06
2023-01-01T07:34:00Z,2022.923,0,4.84295663077649E-06
2023-01-01T07:35:00Z,2020.9905,0,4.84295663077649E-06
2023-01-01T07:36:00Z,2024.9795,0,4.84295663077649E-06
2023-01-01T07:37:00Z,2221.906,0,4.84295663077649E-06
2023-01-01T07:38:00Z,2275.3945,0.621804314208237,4.84295663077649E-06
2023-01-01T07:39:00Z,652.588,0,4.84295663077649E-06
2023-01-01T07:40:00Z,644.696,0,4.84295663077649E-06
2023-01-01T07:41:00Z,604.2535,1.2324800122549,4.84295663077649E-06
2023-01-01T07:42:00Z,569.217,0,4.84295663077649E-06
2023-01-01T07:43:00Z,634.2335,0,4.84295663077649E-06
2023-01-01T07:44:00Z,1424.466,0,4.84295663077649E-06
2023-01-01T07:45:00Z,2720.0345,0,4.84295663077649E-06
2023-01-01T07:46:00Z,2719.434,0,4.84295663077649E-06
2023-01-01T07:47:00Z,2519.164,0,4.84295663077649E-06
2023-01-01T07:48:00Z,2495.442,0,4.84295663077649E-06
2023-01-01T07:49:00Z,2495.313,0.789994823004845,4.84295663077649E-06
2023-01-01T07:50:00Z,1693.585,0,4.84295663077649E-06
2023-01-01T07:51:00Z,413.364,0.279067492570156,4.84295663077649E-06
2023-01-01T07:52:00Z,413.489,0,4.84295663077649E-06
2023-01-01T07:53:00Z,413.395,4.97437582568291,4.84295663077649E-06
2023-01-01T07:54:00Z,413.711,0,4.84295663077649E-06
2023-01-01T07:55:00Z,413.458,0,4.84295663077649E-06
2023-01-01T07:56:00Z,413.3265,0,4.84295663077649E-06
2023-01-01T07:57:00Z,413.72,0,4.84295663077649E-06
2023-01-01T07:58:00Z,413.8855,0,4.84295663077649E-06
2023-01-01T07:59:00Z,413.565,0.606882047985955,4.84295663077649E-06
2023-01-01T08:00:00Z,788.787,0,4.59945601805588E-06
2023-01-01T08:01:00Z,2029.044,0,4.59945601805588E-06
2023-01-01T08:02:00Z,2026.1545,0,4.59945601805588E-06
2023-01-01T08:03:00Z,2028.495,0,4.59945601805588E-06
2023-01-01T08:04:00Z,2029.1105,0,4.59945601805588E-06
2023-01-01T08:05:00Z,2029.921,0,4.59945601805588E-06
2023-01-01T08:06:00Z,2031.2665,0,4.59945601805588E-06
2023-01-01T08:07:00Z,3361.4225,0,4.59945601805588E-06
2023-01-01T08:08:00Z,3357.7475,0,4.59945601805588E-06
2023-01-01T08:09:00Z,3357.192,0,4.59945601805588E-06
2023-01-01T08:10:00Z,3357.192,0,4.59945601805588E-06
2023-01-01T08:11:00Z,1674.858,0,4.59945601805588E-06
2023-01-01T08:12:00Z,1674.858,0,4.59945601805588E-06
2023-01-01T08:13:00Z,3364.2275,0,4.59945601805588E-06
2023-01-01T08:14:00Z,3364.2275,0,4.59945601805588E-06
2023-01-01T08:15:00Z,3356.784,0,4.59945601805588E-06
2023-01-01T08:16:00Z,3355.064,0,4.59945601805588E-06
2023-01-01T08:17:00Z,2906.424,0,4.59945601805588E-06
2023-01-01T08:18:00Z,1824.2205,0,4.59945601805588E-06
2023-01-01T08:19:00Z,2061.6065,0,4.59945601805588E-06
2023-01-01T08:20:00Z,3505.274,0,4.59945601805588E-06
2023-01-01T08:21:00Z,3502.809,0,4.59945601805588E-06
2023-01-01T08:22:00Z,3501.695,0,4.59945601805588E-06
2023-01-01T08:23:00Z,3498.1095,0,4.59945601805588E-06
2023-01-01T08:24:00Z,3052.968,0,4.59945601805588E-06
2023-01-01T08:25:00Z,3052.968,0,4.59945601805588E-06
2023-01-01T08:26:00Z,1851.3685,0,4.59945601805588E-06
2023-01-01T08:27:00Z,1851.3685,0,4.59945601805588E-06
2023-01-01T08:28:00Z,3490.206,0,4.59945601805588E-06
2023-01-01T08:29:00Z,3490.206,0,4.59945601805588E-06
2023-01-01T08:30:00Z,3354.367,0,4.59945601805588E-06
2023-01-01T08:31:00Z,3479.169,0,4.59945601805588E-06
2023-01-01T08:32:00Z,3477.5485,0,4.59945601805588E-06
2023-01-01T08:33:00Z,3352.3805,0,4.59945601805588E-06
2023-01-01T08:34:00Z,3352.78,0,4.59945601805588E-06
2023-01-01T08:35:00Z,3351.281,0,4.59945601805588E-06
2023-01-01T08:36:00Z,3350.344,0,4.59945601805588E-06
2023-01-01T08:37:00Z,3352.28,0,4.59945601805588E-06
2023-01-01T08:38:00Z,3346.9555,0,4.59945601805588E-06
2023-01-01T08:39:00Z,3348.463,0,4.59945601805588E-06
2023-01-01T08:40:00Z,3343.953,0,4.59945601805588E-06
2023-01-01T08:41:00Z,1718.6855,0,4.59945601805588E-06
2023-01-01T08:42:00Z,1665.4755,0,4.59945601805588E-06
2023-01-01T08:43:00Z,1665.522,0,4.59945601805588E-06
2023-01-01T08:44:00Z,1665.6925,0,4.59945601805588E-06
2023-01-01T08:45:00Z,1701.3,0,4.59945601805588E-06
2023-01-01T08:46:00Z,1701.362,0,4.59945601805588E-06
2023-01-01T08:47:00Z,1854.161,0,4.59945601805588E-06
2023-01-01T08:48:00Z,1974.4565,0,4.59945601805588E-06
2023-01-01T08:49:00Z,1943.3015,0,4.59945601805588E-06
2023-01-01T08:50:00Z,1934.048,0,4.59945601805588E-06
2023-01-01T08:51:00Z,1929.584,0,4.59945601805588E-06
2023-01-01T08:52:00Z,1927.5535,0,4.59945601805588E-06
2023-01-01T08:53:00Z,1927.3365,0,4.59945601805588E-06
2023-01-01T08:54:00Z,1925.8485,0,4.59945601805588E-06
2023-01-01T08:55:00Z,1925.6625,0,4.59945601805588E-06
2023-01-01T08:56:00Z,1923.849,0,4.59945601805588E-06
2023-01-01T08:57:00Z,1724.581,0,4.59945601805588E-06
2023-01-01T08:58:00Z,1701.269,0,4.59945601805588E-06
2023-01-01T08:59:00Z,1701.2225,0,4.59945601805588E-06
2023-01-01T09:00:00Z,1701.362,0,4.40104811139465E-06
2023-01-01T09:01:00Z,1701.5015,0,4.40104811139465E-06
2023-01-01T09:02:00Z,3701.3155,0,4.40104811139465E-06
2023-01-01T09:03:00Z,3701.455,0,4.40104811139465E-06
2023-01-01T09:04:00Z,3701.362,0,4.40104811139465E-06
2023-01-01T09:05:00Z,3701.4705,0,4.40104811139465E-06
2023-01-01T09:06:00Z,3701.362,0,4.40104811139465E-06
2023-01-01T09:07:00Z,3701.424,0,4.40104811139465E-06
2023-01-01T09:08:00Z,3701.5635,0,4.40104811139465E-06
2023-01-01T09:09:00Z,1701.455,0,4.40104811139465E-06
2023-01-01T09:10:00Z,1701.579,0,4.40104811139465E-06
2023-01-01T09:11:00Z,1701.641,0,4.40104811139465E-06
2023-01-01T09:12:00Z,1701.362,0,4.40104811139465E-06
2023-01-01T09:13:00Z,1701.393,0,4.40104811139465E-06
2023-01-01T09:14:00Z,1701.4705,0,4.40104811139465E-06
2023-01-01T09:15:00Z,1662.8465,0,4.40104811139465E-06
2023-01-01T09:16:00Z,1662.831,0,4.40104811139465E-06
2023-01-01T09:17:00Z,1662.986,0,4.40104811139465E-06
2023-01-01T09:18:00Z,331.583,0,4.40104811139465E-06
2023-01-01T09:19:00Z,332.0015,0,4.40104811139465E-06
2023-01-01T09:20:00Z,331.769,0,4.40104811139465E-06
2023-01-01T09:21:00Z,331.862,0,4.40104811139465E-06
2023-01-01T09:22:00Z,331.862,0,4.40104811139465E-06
2023-01-01T09:23:00Z,331.5365,0,4.40104811139465E-06
2023-01-01T09:24:00Z,332.0325,0,4.40104811139465E-06
2023-01-01T09:25:00Z,331.6915,0,4.40104811139465E-06
2023-01-01T09:26:00Z,331.8465,0,4.40104811139465E-06
2023-01-01T09:27:00Z,136.662,0,4.40104811139465E-06
2023-01-01T09:28:00Z,136.8945,0,4.40104811139465E-06
2023-01-01T09:29:00Z,136.8325,0,4.40104811139465E-06
2023-01-01T09:30:00Z,136.662,0,4.40104811139465E-06
2023-01-01T09:31:00Z,136.724,0,4.40104811139465E-06
2023-01-01T09:32:00Z,136.693,0,4.40104811139465E-06
2023-01-01T09:33:00Z,136.8945,0,4.40104811139465E-06
2023-01-01T09:34:00Z,136.724,0,4.40104811139465E-06
2023-01-01T09:35:00Z,136.8635,0,4.40104811139465E-06
2023-01-01T09:36:00Z,291.7915,0,4.40104811139465E-06
2023-01-01T09:37:00Z,482.107,0,4.40104811139465E-06
2023-01-01T09:38:00Z,478.656,0,4.40104811139465E-06
2023-01-01T09:39:00Z,475.124,0,4.40104811139465E-06
2023-01-01T09:40:00Z,473.476,0,4.40104811139465E-06
2023-01-01T09:41:00Z,472.2595,0,4.40104811139465E-06
2023-01-01T09:42:00Z,471.778,0,4.40104811139465E-06
2023-01-01T09:43:00Z,470.1765,0,4.40104811139465E-06
2023-01-01T09:44:00Z,468.265,0,4.40104811139465E-06
2023-01-01T09:45:00Z,466.7535,0,4.40104811139465E-06
2023-01-01T09:46:00Z,465.4165,0,4.40104811139465E-06
2023-01-01T09:47:00Z,463.9235,0,4.40104811139465E-06
2023-01-01T09:48:00Z,462.086,0,4.40104811139465E-06
2023-01-01T09:49:00Z,460.283,0,4.40104811139465E-06
2023-01-01T09:50:00Z,458.7435,0,4.40104811139465E-06
2023-01-01T09:51:00Z,457.357,0,4.40104811139465E-06
2023-01-01T09:52:00Z,472.6065,0,4.40104811139465E-06
2023-01-01T09:53:00Z,455.678,0,4.40104811139465E-06
2023-01-01T09:54:00Z,463.9245,0,4.40104811139465E-06
2023-01-01T09:55:00Z,463.909,0,4.40104811139465E-06
2023-01-01T09:56:00Z,567.5265,0,4.40104811139465E-06
2023-01-01T09:57:00Z,739.964,0,4.40104811139465E-06
2023-01-01T09:58:00Z,707.507,0,4.40104811139465E-06
2023-01-01T09:59:00Z,697.1375,0,4.40104811139465E-06
2023-01-01T10:00:00Z,692.6115,0,4.19362166352154E-06
2023-01-01T10:01:00Z,690.4105,0,4.19362166352154E-06
2023-01-01T10:02:00Z,689.8525,0,4.19362166352154E-06
2023-01-01T10:03:00Z,690.271,0,4.19362166352154E-06
2023-01-01T10:04:00Z,688.814,0,4.19362166352154E-06
2023-01-01T10:05:00Z,687.1245,0,4.19362166352154E-06
2023-01-01T10:06:00Z,534.8835,0,4.19362166352154E-06
2023-01-01T10:07:00Z,464.1725,0,4.19362166352154E-06
2023-01-01T10:08:00Z,464.1725,0,4.19362166352154E-06
2023-01-01T10:09:00Z,1333.9865,0,4.19362166352154E-06
2023-01-01T10:10:00Z,1333.9245,0,4.19362166352154E-06
2023-01-01T10:11:00Z,1334.0795,0,4.19362166352154E-06
2023-01-01T10:12:00Z,1334.095,0,4.19362166352154E-06
2023-01-01T10:13:00Z,1334.0795,0,4.19362166352154E-06
2023-01-01T10:14:00Z,1334.1105,0,4.19362166352154E-06
2023-01-01T10:15:00Z,1333.94,0,4.19362166352154E-06
2023-01-01T10:16:00Z,1334.1415,0,4.19362166352154E-06
2023-01-01T10:17:00Z,1334.1105,0,4.19362166352154E-06
2023-01-01T10:18:00Z,463.94,0,4.19362166352154E-06
2023-01-01T10:19:00Z,464.0795,0,4.19362166352154E-06
2023-01-01T10:20:00Z,464.1415,0,4.19362166352154E-06
2023-01-01T10:21:00Z,464.002,0,4.19362166352154E-06
2023-01-01T10:22:00Z,464.095,0,4.19362166352154E-06
2023-01-01T10:23:00Z,463.9245,0,4.19362166352154E-06
2023-01-01T10:24:00Z,464.1725,0,4.19362166352154E-06
2023-01-01T10:25:00Z,463.909,0,4.19362166352154E-06
2023-01-01T10:26:00Z,464.064,0,4.19362166352154E-06
2023-01-01T10:27:00Z,470.1725,0,4.19362166352154E-06
2023-01-01T10:28:00Z,470.2345,0,4.19362166352154E-06
2023-01-01T10:29:00Z,470.064,0,4.19362166352154E-06
2023-01-01T10:30:00Z,469.8935,0,4.19362166352154E-06
2023-01-01T10:31:00Z,470.126,0,4.19362166352154E-06
2023-01-01T10:32:00Z,470.1415,0,4.19362166352154E-06
2023-01-01T10:33:00Z,470.095,0,4.19362166352154E-06
2023-01-01T10:34:00Z,470.095,0,4.19362166352154E-06
2023-01-01T10:35:00Z,470.1105,0,4.19362166352154E-06
2023-01-01T10:36:00Z,470.2345,0,4.19362166352154E-06
2023-01-01T10:37:00Z,470.1415,0,4.19362166352154E-06
2023-01-01T10:38:00Z,469.971,0,4.19362166352154E-06
2023-01-01T10:39:00Z,470.033,0,4.19362166352154E-06
2023-01-01T10:40:00Z,470.1105,0,4.19362166352154E-06
2023-01-01T10:41:00Z,470.064,0,4.19362166352154E-06
2023-01-01T10:42:00Z,470.1725,0,4.19362166352154E-06
2023-01-01T10:43:00Z,508.533,0,4.19362166352154E-06
2023-01-01T10:44:00Z,508.502,0,4.19362166352154E-06
2023-01-01T10:45:00Z,508.4245,0,4.19362166352154E-06
2023-01-01T10:46:00Z,624.095,0,4.19362166352154E-06
2023-01-01T10:47:00Z,624.095,0,4.19362166352154E-06
2023-01-01T10:48:00Z,624.1105,0,4.19362166352154E-06
2023-01-01T10:49:00Z,624.064,0,4.19362166352154E-06
2023-01-01T10:50:00Z,642.8525,0,4.19362166352154E-06
2023-01-01T10:51:00Z,642.5735,0,4.19362166352154E-06
2023-01-01T10:52:00Z,642.744,0,4.19362166352154E-06
2023-01-01T10:53:00Z,642.868,0,4.19362166352154E-06
2023-01-01T10:54:00Z,642.713,0,4.19362166352154E-06
2023-01-01T10:55:00Z,642.744,0,4.19362166352154E-06
2023-01-01T10:56:00Z,642.6045,0,4.19362166352154E-06
2023-01-01T10:57:00Z,642.775,0,4.19362166352154E-06
2023-01-01T10:58:00Z,642.6355,0,4.19362166352154E-06
2023-01-01T10:59:00Z,798.033,0,4.19362166352154E-06
2023-01-01T11:00:00Z,792.461,0,4.04030646291968E-06
2023-01-01T11:01:00Z,789.9575,0,4.04030646291968E-06
2023-01-01T11:02:00Z,786.985,0,4.04030646291968E-06
2023-01-01T11:03:00Z,784.9015,0,4.04030646291968E-06
2023-01-01T11:04:00Z,783.9075,0,4.04030646291968E-06
2023-01-01T11:05:00Z,898.723,0.426652333096829,4.04030646291968E-06
2023-01-01T11:06:00Z,1053.8585,0,4.04030646291968E-06
2023-01-01T11:07:00Z,1020.994,0,4.04030646291968E-06
2023-01-01T11:08:00Z,1010.182,0,4.04030646291968E-06
2023-01-01T11:09:00Z,1004.1785,0,4.04030646291968E-06
2023-01-01T11:10:00Z,999.7355,0,4.04030646291968E-06
2023-01-01T11:11:00Z,998.306,0,4.04030646291968E-06
2023-01-01T11:12:00Z,996.8285,0,4.04030646291968E-06
2023-01-01T11:13:00Z,3447.25,0,4.04030646291968E-06
2023-01-01T11:14:00Z,3776.6525,0,4.04030646291968E-06
2023-01-01T11:15:00Z,3633.6565,0,4.04030646291968E-06
2023-01-01T11:16:00Z,2634.3935,0,4.04030646291968E-06
2023-01-01T11:17:00Z,3432.1425,0,4.04030646291968E-06
2023-01-01T11:18:00Z,3423.7905,0,4.04030646291968E-06
2023-01-01T11:19:00Z,2366.2445,0,4.04030646291968E-06
2023-01-01T11:20:00Z,3415.463,0,4.04030646291968E-06
2023-01-01T11:21:00Z,3414.526,0,4.04030646291968E-06
2023-01-01T11:22:00Z,2458.2,0,4.04030646291968E-06
2023-01-01T11:23:00Z,3421.1445,0,4.04030646291968E-06
2023-01-01T11:24:00Z,3411.2415,0,4.04030646291968E-06
2023-01-01T11:25:00Z,3407.5155,0,4.04030646291968E-06
2023-01-01T11:26:00Z,2560.0545,0,4.04030646291968E-06
2023-01-01T11:27:00Z,3398.975,0,4.04030646291968E-06
2023-01-01T11:28:00Z,3408.445,0,4.04030646291968E-06
2023-01-01T11:29:00Z,2460.83,0,4.04030646291968E-06
2023-01-01T11:30:00Z,3404.7845,0,4.04030646291968E-06
2023-01-01T11:31:00Z,3410.1755,0,4.04030646291968E-06
2023-01-01T11:32:00Z,2429.4915,0,4.04030646291968E-06
2023-01-01T11:33:00Z,3234.762,0,4.04030646291968E-06
2023-01-01T11:34:00Z,3403.119,0,4.04030646291968E-06
2023-01-01T11:35:00Z,3068.4675,0,4.04030646291968E-06
2023-01-01T11:36:00Z,2756.207,0,4.04030646291968E-06
2023-01-01T11:37:00Z,3384.6845,0,4.04030646291968E-06
2023-01-01T11:38:00Z,3383.266,0,4.04030646291968E-06
2023-01-01T11:39:00Z,2385.162,0,4.04030646291968E-06
2023-01-01T11:40:00Z,3382.312,0,4.04030646291968E-06
2023-01-01T11:41:00Z,3378.4855,0,4.04030646291968E-06
2023-01-01T11:42:00Z,2437.575,0,4.04030646291968E-06
2023-01-01T11:43:00Z,3378.226,0,4.04030646291968E-06
2023-01-01T11:44:00Z,3379.02,0,4.04030646291968E-06
2023-01-01T11:45:00Z,2733.6915,0,4.04030646291968E-06
2023-01-01T11:46:00Z,3035.6715,0,4.04030646291968E-06
2023-01-01T11:47:00Z,3391.6275,0,4.04030646291968E-06
2023-01-01T11:48:00Z,3393.7345,0,4.04030646291968E-06
2023-01-01T11:49:00Z,3392.588,0,4.04030646291968E-06
2023-01-01T11:50:00Z,2140.4275,0,4.04030646291968E-06
2023-01-01T11:51:00Z,3421.6885,0,4.04030646291968E-06
2023-01-01T11:52:00Z,3425.0455,0,4.04030646291968E-06
2023-01-01T11:53:00Z,3426.596,0,4.04030646291968E-06
2023-01-01T11:54:00Z,2283.693,0,4.04030646291968E-06
2023-01-01T11:55:00Z,3432.155,0,4.04030646291968E-06
2023-01-01T11:56:00Z,3427.482,0,4.04030646291968E-06
2023-01-01T11:57:00Z,3426.076,0,4.04030646291968E-06
2023-01-01T11:58:00Z,2437.381,0,4.04030646291968E-06
2023-01-01T11:59:00Z,3084.669,0,4.04030646291968E-06
2023-01-01T12:00:00Z,3224.125,0,3.95012105080094E-06
2023-01-01T12:01:00Z,3212.269,0,3.95012105080094E-06
2023-01-01T12:02:00Z,3210.313,0,3.95012105080094E-06
2023-01-01T12:03:00Z,2207.806,0,3.95012105080094E-06
2023-01-01T12:04:00Z,3215.3405,0,3.95012105080094E-06
2023-01-01T12:05:00Z,2266.2415,0,3.95012105080094E-06
2023-01-01T12:06:00Z,677.4415,0,3.95012105080094E-06
2023-01-01T12:07:00Z,639.368,0,3.95012105080094E-06
2023-01-01T12:08:00Z,821.5645,0,3.95012105080094E-06
2023-01-01T12:09:00Z,802.937,0,3.95012105080094E-06
2023-01-01T12:10:00Z,801.168,0,3.95012105080094E-06
2023-01-01T12:11:00Z,787.5655,0,3.95012105080094E-06
2023-01-01T12:12:00Z,794.2375,0,3.95012105080094E-06
2023-01-01T12:13:00Z,797.3075,0,3.95012105080094E-06
2023-01-01T12:14:00Z,990.801,0,3.95012105080094E-06
2023-01-01T12:15:00Z,994.832,0,3.95012105080094E-06
2023-01-01T12:16:00Z,789.9865,0,3.95012105080094E-06
2023-01-01T12:17:00Z,780.58,0,3.95012105080094E-06
2023-01-01T12:18:00Z,767.549,0,3.95012105080094E-06
2023-01-01T12:19:00Z,771.499,0,3.95012105080094E-06
2023-01-01T12:20:00Z,770.6105,0,3.95012105080094E-06
2023-01-01T12:21:00Z,768.11,0,3.95012105080094E-06
2023-01-01T12:22:00Z,765.841,0,3.95012105080094E-06
2023-01-01T12:23:00Z,730.1255,0,3.95012105080094E-06
2023-01-01T12:24:00Z,538.9565,0,3.95012105080094E-06
2023-01-01T12:25:00Z,416.68,0,3.95012105080094E-06
2023-01-01T12:26:00Z,416.835,0,3.95012105080094E-06
2023-01-01T12:27:00Z,416.804,0,3.95012105080094E-06
2023-01-01T12:28:00Z,416.9125,0,3.95012105080094E-06
2023-01-01T12:29:00Z,416.804,0,3.95012105080094E-06
2023-01-01T12:30:00Z,416.711,0,3.95012105080094E-06
2023-01-01T12:31:00Z,416.804,0,3.95012105080094E-06
2023-01-01T12:32:00Z,416.7265,0.534813336698477,3.95012105080094E-06
2023-01-01T12:33:00Z,416.8505,0,3.95012105080094E-06
2023-01-01T12:34:00Z,416.773,0,3.95012105080094E-06
2023-01-01T12:35:00Z,416.804,0,3.95012105080094E-06
2023-01-01T12:36:00Z,416.804,0,3.95012105080094E-06
2023-01-01T12:37:00Z,416.7265,0,3.95012105080094E-06
2023-01-01T12:38:00Z,416.68,0,3.95012105080094E-06
2023-01-01T12:39:00Z,416.9125,0,3.95012105080094E-06
2023-01-01T12:40:00Z,416.7265,0,3.95012105080094E-06
2023-01-01T12:41:00Z,416.804,0,3.95012105080094E-06
2023-01-01T12:42:00Z,416.6335,0.603880720088608,3.95012105080094E-06
2023-01-01T12:43:00Z,416.587,0,3.95012105080094E-06
2023-01-01T12:44:00Z,417.704,0,3.95012105080094E-06
2023-01-01T12:45:00Z,417.859,0,3.95012105080094E-06
2023-01-01T12:46:00Z,417.673,0,3.95012105080094E-06
2023-01-01T12:47:00Z,417.6885,0,3.95012105080094E-06
2023-01-01T12:48:00Z,417.704,0,3.95012105080094E-06
2023-01-01T12:49:00Z,417.704,0,3.95012105080094E-06
2023-01-01T12:50:00Z,417.5025,0,3.95012105080094E-06
2023-01-01T12:51:00Z,417.611,0,3.95012105080094E-06
2023-01-01T12:52:00Z,411.704,0,3.95012105080094E-06
2023-01-01T12:53:00Z,411.8125,0,3.95012105080094E-06
2023-01-01T12:54:00Z,411.735,0,3.95012105080094E-06
2023-01-01T12:55:00Z,411.611,0,3.95012105080094E-06
2023-01-01T12:56:00Z,411.549,0,3.95012105080094E-06
2023-01-01T12:57:00Z,411.921,0,3.95012105080094E-06
2023-01-01T12:58:00Z,411.518,0,3.95012105080094E-06
2023-01-01T12:59:00Z,393.1015,0,3.95012105080094E-06
2023-01-01T13:00:00Z,392.931,0,3.94110250958906E-06
2023-01-01T13:01:00Z,392.931,0,3.94110250958906E-06
2023-01-01T13:02:00Z,393.241,0,3.94110250958906E-06
2023-01-01T13:03:00Z,393.1325,0,3.94110250958906E-06
2023-01-01T13:04:00Z,392.869,0,3.94110250958906E-06
2023-01-01T13:05:00Z,393.024,0,3.94110250958906E-06
2023-01-01T13:06:00Z,393.055,0,3.94110250958906E-06
2023-01-01T13:07:00Z,392.9,0,3.94110250958906E-06
2023-01-01T13:08:00Z,393.1325,0,3.94110250958906E-06
2023-01-01T13:09:00Z,392.8225,0,3.94110250958906E-06
2023-01-01T13:10:00Z,393.1015,0,3.94110250958906E-06
2023-01-01T13:11:00Z,393.1635,0,3.94110250958906E-06
2023-01-01T13:12:00Z,392.993,0,3.94110250958906E-06
2023-01-01T13:13:00Z,392.9775,0,3.94110250958906E-06
2023-01-01T13:14:00Z,392.745,0,3.94110250958906E-06
2023-01-01T13:15:00Z,392.962,0,3.94110250958906E-06
2023-01-01T13:16:00Z,392.8845,0,3.94110250958906E-06
2023-01-01T13:17:00Z,393.1325,0,3.94110250958906E-06
2023-01-01T13:18:00Z,392.6985,0,3.94110250958906E-06
2023-01-01T13:19:00Z,393.1945,0,3.94110250958906E-06
2023-01-01T13:20:00Z,393.024,0,3.94110250958906E-06
2023-01-01T13:21:00Z,393.1325,0,3.94110250958906E-06
2023-01-01T13:22:00Z,393.1015,0,3.94110250958906E-06
2023-01-01T13:23:00Z,597.2985,0,3.94110250958906E-06
2023-01-01T13:24:00Z,650.8045,0,3.94110250958906E-06
2023-01-01T13:25:00Z,628.252,0,3.94110250958906E-06
2023-01-01T13:26:00Z,622.424,0,3.94110250958906E-06
2023-01-01T13:27:00Z,618.642,0,3.94110250958906E-06
2023-01-01T13:28:00Z,617.03,0,3.94110250958906E-06
2023-01-01T13:29:00Z,502.491,0,3.94110250958906E-06
2023-01-01T13:30:00Z,501.2355,0,3.94110250958906E-06
2023-01-01T13:31:00Z,500.476,0,3.94110250958906E-06
2023-01-01T13:32:00Z,457.944,0,3.94110250958906E-06
2023-01-01T13:33:00Z,277.462,0,3.94110250958906E-06
2023-01-01T13:34:00Z,277.524,0,3.94110250958906E-06
2023-01-01T13:35:00Z,277.5395,0,3.94110250958906E-06
2023-01-01T13:36:00Z,431.519,0,3.94110250958906E-06
2023-01-01T13:37:00Z,429.778,0,3.94110250958906E-06
2023-01-01T13:38:00Z,424.6445,0,3.94110250958906E-06
2023-01-01T13:39:00Z,422.2935,0,3.94110250958906E-06
2023-01-01T13:40:00Z,414.755,0,3.94110250958906E-06
2023-01-01T13:41:00Z,413.107,0,3.94110250958906E-06
2023-01-01T13:42:00Z,411.098,0,3.94110250958906E-06
2023-01-01T13:43:00Z,410.103,0,3.94110250958906E-06
2023-01-01T13:44:00Z,407.958,0,3.94110250958906E-06
2023-01-01T13:45:00Z,492.3005,0,3.94110250958906E-06
2023-01-01T13:46:00Z,404.0675,0,3.94110250958906E-06
2023-01-01T13:47:00Z,402.2145,0,3.94110250958906E-06
2023-01-01T13:48:00Z,361.9735,0,3.94110250958906E-06
2023-01-01T13:49:00Z,360.9635,0,3.94110250958906E-06
2023-01-01T13:50:00Z,359.8125,0,3.94110250958906E-06
2023-01-01T13:51:00Z,358.037,0,3.94110250958906E-06
2023-01-01T13:52:00Z,357.7725,0,3.94110250958906E-06
2023-01-01T13:53:00Z,357.151,0,3.94110250958906E-06
2023-01-01T13:54:00Z,233.055,0,3.94110250958906E-06
2023-01-01T13:55:00Z,232.9155,0,3.94110250958906E-06
2023-01-01T13:56:00Z,233.024,0,3.94110250958906E-06
2023-01-01T13:57:00Z,233.024,0,3.94110250958906E-06
2023-01-01T13:58:00Z,233.1945,0,3.94110250958906E-06
2023-01-01T13:59:00Z,232.993,0,3.94110250958906E-06
2023-01-01T14:00:00Z,233.0705,0,4.02226938049593E-06
2023-01-01T14:01:00Z,233.0705,0,4.02226938049593E-06
2023-01-01T14:02:00Z,233.2255,0,4.02226938049593E-06
2023-01-01T14:03:00Z,100.7135,1.30058762847887,4.02226938049593E-06
2023-01-01T14:04:00Z,100.9305,0,4.02226938049593E-06
2023-01-01T14:05:00Z,100.853,0,4.02226938049593E-06
2023-01-01T14:06:00Z,101.0855,0,4.02226938049593E-06
2023-01-01T14:07:00Z,100.9305,0,4.02226938049593E-06
2023-01-01T14:08:00Z,100.853,0,4.02226938049593E-06
2023-01-01T14:09:00Z,101.0855,0,4.02226938049593E-06
2023-01-01T14:10:00Z,100.9305,0,4.02226938049593E-06
2023-01-01T14:11:00Z,100.9615,0,4.02226938049593E-06
2023-01-01T14:12:00Z,100.8065,0,4.02226938049593E-06
2023-01-01T14:13:00Z,100.8995,0,4.02226938049593E-06
2023-01-01T14:14:00Z,100.9615,0,4.02226938049593E-06
2023-01-01T14:15:00Z,101.0545,0,4.02226938049593E-06
2023-01-01T14:16:00Z,100.76,0,4.02226938049593E-06
2023-01-01T14:17:00Z,100.884,0,4.02226938049593E-06
2023-01-01T14:18:00Z,100.8375,0,4.02226938049593E-06
2023-01-01T14:19:00Z,101.008,0,4.02226938049593E-06
2023-01-01T14:20:00Z,163.938,0,4.02226938049593E-06
2023-01-01T14:21:00Z,100.915,0,4.02226938049593E-06
2023-01-01T14:22:00Z,100.76,0,4.02226938049593E-06
2023-01-01T14:23:00Z,100.8065,0,4.02226938049593E-06
2023-01-01T14:24:00Z,100.76,0,4.02226938049593E-06
2023-01-01T14:25:00Z,100.729,0,4.02226938049593E-06
2023-01-01T14:26:00Z,100.605,0,4.02226938049593E-06
2023-01-01T14:27:00Z,100.915,0,4.02226938049593E-06
2023-01-01T14:28:00Z,101.0235,0,4.02226938049593E-06
2023-01-01T14:29:00Z,100.853,0,4.02226938049593E-06
2023-01-01T14:30:00Z,100.791,0,4.02226938049593E-06
2023-01-01T14:31:00Z,184.1035,0,4.02226938049593E-06
2023-01-01T14:32:00Z,377.7295,0,4.02226938049593E-06
2023-01-01T14:33:00Z,344.048,0,4.02226938049593E-06
2023-01-01T14:34:00Z,333.632,0,4.02226938049593E-06
2023-01-01T14:35:00Z,328.982,0,4.02226938049593E-06
2023-01-01T14:36:00Z,326.4555,0,4.02226938049593E-06
2023-01-01T14:37:00Z,325.572,0,4.02226938049593E-06
2023-01-01T14:38:00Z,326.3625,0,4.02226938049593E-06
2023-01-01T14:39:00Z,323.8515,0,4.02226938049593E-06
2023-01-01T14:40:00Z,323.9135,0,4.02226938049593E-06
2023-01-01T14:41:00Z,214.468,0,4.02226938049593E-06
2023-01-01T14:42:00Z,100.9925,0,4.02226938049593E-06
2023-01-01T14:43:00Z,101.0545,0,4.02226938049593E-06
2023-01-01T14:44:00Z,100.791,0,4.02226938049593E-06
2023-01-01T14:45:00Z,100.9925,0,4.02226938049593E-06
2023-01-01T14:46:00Z,100.884,0,4.02226938049593E-06
2023-01-01T14:47:00Z,100.853,0,4.02226938049593E-06
2023-01-01T14:48:00Z,100.8995,0,4.02226938049593E-06
2023-01-01T14:49:00Z,100.6825,0,4.02226938049593E-06
2023-01-01T14:50:00Z,101.0855,0,4.02226938049593E-06
2023-01-01T14:51:00Z,100.915,0,4.02226938049593E-06
2023-01-01T14:52:00Z,100.884,0,4.02226938049593E-06
2023-01-01T14:53:00Z,100.9305,0,4.02226938049593E-06
2023-01-01T14:54:00Z,256.6545,0,4.02226938049593E-06
2023-01-01T14:55:00Z,253.014,0,4.02226938049593E-06
2023-01-01T14:56:00Z,250.3825,0,4.02226938049593E-06
2023-01-01T14:57:00Z,246.8695,0,4.02226938049593E-06
2023-01-01T14:58:00Z,245.607,0,4.02226938049593E-06
2023-01-01T14:59:00Z,243.835,0,4.02226938049593E-06
2023-01-01T15:00:00Z,242.032,0,4.13049187503842E-06
2023-01-01T15:01:00Z,241.08,0,4.13049187503842E-06
2023-01-01T15:02:00Z,238.7945,0,4.13049187503842E-06
2023-01-01T15:03:00Z,236.7855,0,4.13049187503842E-06
2023-01-01T15:04:00Z,235.278,0,4.13049187503842E-06
2023-01-01T15:05:00Z,232.806,0,4.13049187503842E-06
2023-01-01T15:06:00Z,230.611,0,4.13049187503842E-06
2023-01-01T15:07:00Z,229.4445,0,4.13049187503842E-06
2023-01-01T15:08:00Z,228.5585,0,4.13049187503842E-06
2023-01-01T15:09:00Z,227.2495,0,4.13049187503842E-06
2023-01-01T15:10:00Z,226.379,0,4.13049187503842E-06
2023-01-01T15:11:00Z,224.156,0,4.13049187503842E-06
2023-01-01T15:12:00Z,100.9925,0,4.13049187503842E-06
2023-01-01T15:13:00Z,100.853,0,4.13049187503842E-06
2023-01-01T15:14:00Z,100.853,0,4.13049187503842E-06
2023-01-01T15:15:00Z,100.915,0,4.13049187503842E-06
2023-01-01T15:16:00Z,101.132,0,4.13049187503842E-06
2023-01-01T15:17:00Z,101.163,0,4.13049187503842E-06
2023-01-01T15:18:00Z,100.853,0,4.13049187503842E-06
2023-01-01T15:19:00Z,100.8065,0,4.13049187503842E-06
2023-01-01T15:20:00Z,100.9615,0,4.13049187503842E-06
2023-01-01T15:21:00Z,100.9305,0,4.13049187503842E-06
2023-01-01T15:22:00Z,100.853,0,4.13049187503842E-06
2023-01-01T15:23:00Z,100.915,0,4.13049187503842E-06
2023-01-01T15:24:00Z,100.884,0,4.13049187503842E-06
2023-01-01T15:25:00Z,100.791,0,4.13049187503842E-06
2023-01-01T15:26:00Z,100.853,0,4.13049187503842E-06
2023-01-01T15:27:00Z,100.76,0,4.13049187503842E-06
2023-01-01T15:28:00Z,100.915,0,4.13049187503842E-06
2023-01-01T15:29:00Z,100.853,0,4.13049187503842E-06
2023-01-01T15:30:00Z,100.884,0,4.13049187503842E-06
2023-01-01T15:31:00Z,100.9615,0,4.13049187503842E-06
2023-01-01T15:32:00Z,100.884,0,4.13049187503842E-06
2023-01-01T15:33:00Z,100.9925,0,4.13049187503842E-06
2023-01-01T15:34:00Z,101.101,0,4.13049187503842E-06
2023-01-01T15:35:00Z,100.9305,0,4.13049187503842E-06
2023-01-01T15:36:00Z,100.884,0,4.13049187503842E-06
2023-01-01T15:37:00Z,100.9615,0,4.13049187503842E-06
2023-01-01T15:38:00Z,100.9615,0,4.13049187503842E-06
2023-01-01T15:39:00Z,100.9305,0,4.13049187503842E-06
2023-01-01T15:40:00Z,100.822,0,4.13049187503842E-06
2023-01-01T15:41:00Z,100.853,0,4.13049187503842E-06
2023-01-01T15:42:00Z,169.239,0,4.13049187503842E-06
2023-01-01T15:43:00Z,378.706,0,4.13049187503842E-06
2023-01-01T15:44:00Z,344.42,0,4.13049187503842E-06
2023-01-01T15:45:00Z,332.95,0.326276367292954,4.13049187503842E-06
2023-01-01T15:46:00Z,328.827,0,4.13049187503842E-06
2023-01-01T15:47:00Z,326.223,0,4.13049187503842E-06
2023-01-01T15:48:00Z,324.704,0,4.13049187503842E-06
2023-01-01T15:49:00Z,325.6495,0,4.13049187503842E-06
2023-01-01T15:50:00Z,323.3555,0,4.13049187503842E-06
2023-01-01T15:51:00Z,322.6115,0,4.13049187503842E-06
2023-01-01T15:52:00Z,179.6085,0,4.13049187503842E-06
2023-01-01T15:53:00Z,100.9305,0,4.13049187503842E-06
2023-01-01T15:54:00Z,100.9615,0,4.13049187503842E-06
2023-01-01T15:55:00Z,100.915,0,4.13049187503842E-06
2023-01-01T15:56:00Z,100.9305,0,4.13049187503842E-06
2023-01-01T15:57:00Z,100.884,0,4.13049187503842E-06
2023-01-01T15:58:00Z,100.884,0,4.13049187503842E-06
2023-01-01T15:59:00Z,100.8065,0,4.13049187503842E-06
2023-01-01T16:00:00Z,100.915,0,4.33791832291153E-06
2023-01-01T16:01:00Z,100.9305,0,4.33791832291153E-06
2023-01-01T16:02:00Z,100.7135,0,4.33791832291153E-06
2023-01-01T16:03:00Z,100.6825,0,4.33791832291153E-06
2023-01-01T16:04:00Z,100.9615,0,4.33791832291153E-06
2023-01-01T16:05:00Z,100.9615,0,4.33791832291153E-06
2023-01-01T16:06:00Z,101.0545,0,4.33791832291153E-06
2023-01-01T16:07:00Z,100.915,0,4.33791832291153E-06
2023-01-01T16:08:00Z,100.853,0,4.33791832291153E-06
2023-01-01T16:09:00Z,100.853,0,4.33791832291153E-06
2023-01-01T16:10:00Z,100.636,0,4.33791832291153E-06
2023-01-01T16:11:00Z,100.9615,0,4.33791832291153E-06
2023-01-01T16:12:00Z,100.9925,0,4.33791832291153E-06
2023-01-01T16:13:00Z,100.9925,0,4.33791832291153E-06
2023-01-01T16:14:00Z,100.791,0,4.33791832291153E-06
2023-01-01T16:15:00Z,100.8065,0,4.33791832291153E-06
2023-01-01T16:16:00Z,100.915,0,4.33791832291153E-06
2023-01-01T16:17:00Z,265.9225,0,4.33791832291153E-06
2023-01-01T16:18:00Z,252.8425,0,4.33791832291153E-06
2023-01-01T16:19:00Z,250.8335,0,4.33791832291153E-06
2023-01-01T16:20:00Z,250.8335,0,4.33791832291153E-06
2023-01-01T16:21:00Z,244.4725,0,4.33791832291153E-06
2023-01-01T16:22:00Z,243.632,0,4.33791832291153E-06
2023-01-01T16:23:00Z,241.469,0,4.33791832291153E-06
2023-01-01T16:24:00Z,241.469,0,4.33791832291153E-06
2023-01-01T16:25:00Z,238.686,0,4.33791832291153E-06
2023-01-01T16:26:00Z,237.4575,0,4.33791832291153E-06
2023-01-01T16:27:00Z,236.2105,0,4.33791832291153E-06
2023-01-01T16:28:00Z,236.2105,0,4.33791832291153E-06
2023-01-01T16:29:00Z,232.4795,0,4.33791832291153E-06
2023-01-01T16:30:00Z,231.046,0,4.33791832291153E-06
2023-01-01T16:31:00Z,229.3825,0,4.33791832291153E-06
2023-01-01T16:32:00Z,228.1545,0,4.33791832291153E-06
2023-01-01T16:33:00Z,227.3115,0,4.33791832291153E-06
2023-01-01T16:34:00Z,225.866,0,4.33791832291153E-06
2023-01-01T16:35:00Z,225.866,0,4.33791832291153E-06
2023-01-01T16:36:00Z,100.9925,0,4.33791832291153E-06
2023-01-01T16:37:00Z,100.853,0,4.33791832291153E-06
2023-01-01T16:38:00Z,101.0545,0,4.33791832291153E-06
2023-01-01T16:39:00Z,101.0545,0,4.33791832291153E-06
2023-01-01T16:40:00Z,100.9925,0,4.33791832291153E-06
2023-01-01T16:41:00Z,100.915,0,4.33791832291153E-06
2023-01-01T16:42:00Z,100.8995,0,4.33791832291153E-06
2023-01-01T16:43:00Z,100.8995,0,4.33791832291153E-06
2023-01-01T16:44:00Z,100.9615,0,4.33791832291153E-06
2023-01-01T16:45:00Z,100.8995,0,4.33791832291153E-06
2023-01-01T16:46:00Z,101.0235,0,4.33791832291153E-06
2023-01-01T16:47:00Z,100.915,0,4.33791832291153E-06
2023-01-01T16:48:00Z,100.729,0,4.33791832291153E-06
2023-01-01T16:49:00Z,101.0235,0,4.33791832291153E-06
2023-01-01T16:50:00Z,101.0235,0,4.33791832291153E-06
2023-01-01T16:51:00Z,100.884,0,4.33791832291153E-06
2023-01-01T16:52:00Z,100.791,0,4.33791832291153E-06
2023-01-01T16:53:00Z,344.7765,0,4.33791832291153E-06
2023-01-01T16:54:00Z,344.7765,0,4.33791832291153E-06
2023-01-01T16:55:00Z,336.5615,0,4.33791832291153E-06
2023-01-01T16:56:00Z,330.5475,0,4.33791832291153E-06
2023-01-01T16:57:00Z,323.557,0,4.33791832291153E-06
2023-01-01T16:58:00Z,323.557,0,4.33791832291153E-06
2023-01-01T16:59:00Z,322.1775,0,4.33791832291153E-06
2023-01-01T17:00:00Z,325.603,0,4.51828914714901E-06
2023-01-01T17:01:00Z,324.1615,0,4.51828914714901E-06
2023-01-01T17:02:00Z,320.4105,0,4.51828914714901E-06
2023-01-01T17:03:00Z,107.1305,0,4.51828914714901E-06
2023-01-01T17:04:00Z,100.791,0,4.51828914714901E-06
2023-01-01T17:05:00Z,100.884,0,4.51828914714901E-06
2023-01-01T17:06:00Z,100.853,0,4.51828914714901E-06
2023-01-01T17:07:00Z,100.853,0,4.51828914714901E-06
2023-01-01T17:08:00Z,100.9615,0,4.51828914714901E-06
2023-01-01T17:09:00Z,100.884,0,4.51828914714901E-06
2023-01-01T17:10:00Z,100.884,0,4.51828914714901E-06
2023-01-01T17:11:00Z,100.915,0,4.51828914714901E-06
2023-01-01T17:12:00Z,100.8375,5.3684708663436,4.51828914714901E-06
2023-01-01T17:13:00Z,100.9305,5.3684708663436,4.51828914714901E-06
2023-01-01T17:14:00Z,100.76,5.3684708663436,4.51828914714901E-06
2023-01-01T17:15:00Z,100.822,5.3684708663436,4.51828914714901E-06
2023-01-01T17:16:00Z,101.0545,5.3684708663436,4.51828914714901E-06
2023-01-01T17:17:00Z,100.8685,0,4.51828914714901E-06
2023-01-01T17:18:00Z,101.0235,0,4.51828914714901E-06
2023-01-01T17:19:00Z,100.9305,0,4.51828914714901E-06
2023-01-01T17:20:00Z,100.9305,0,4.51828914714901E-06
2023-01-01T17:21:00Z,100.853,1.23427848387924,4.51828914714901E-06
2023-01-01T17:22:00Z,100.853,0,4.51828914714901E-06
2023-01-01T17:23:00Z,101.07,0,4.51828914714901E-06
2023-01-01T17:24:00Z,100.729,0,4.51828914714901E-06
2023-01-01T17:25:00Z,100.7135,0,4.51828914714901E-06
2023-01-01T17:26:00Z,100.9615,0,4.51828914714901E-06
2023-01-01T17:27:00Z,100.9615,0,4.51828914714901E-06
2023-01-01T17:28:00Z,100.791,0,4.51828914714901E-06
2023-01-01T17:29:00Z,100.7445,0,4.51828914714901E-06
2023-01-01T17:30:00Z,100.9305,0,4.51828914714901E-06
2023-01-01T17:31:00Z,100.853,0,4.51828914714901E-06
2023-01-01T17:32:00Z,100.9305,0,4.51828914714901E-06
2023-01-01T17:33:00Z,100.915,0,4.51828914714901E-06
2023-01-01T17:34:00Z,100.791,0,4.51828914714901E-06
2023-01-01T17:35:00Z,100.884,0,4.51828914714901E-06
2023-01-01T17:36:00Z,101.0235,0,4.51828914714901E-06
2023-01-01T17:37:00Z,100.76,0,4.51828914714901E-06
2023-01-01T17:38:00Z,100.698,0,4.51828914714901E-06
2023-01-01T17:39:00Z,101.0855,0,4.51828914714901E-06
2023-01-01T17:40:00Z,100.884,0,4.51828914714901E-06
2023-01-01T17:41:00Z,100.8065,0,4.51828914714901E-06
2023-01-01T17:42:00Z,256.8095,0,4.51828914714901E-06
2023-01-01T17:43:00Z,252.9975,0,4.51828914714901E-06
2023-01-01T17:44:00Z,249.357,0,4.51828914714901E-06
2023-01-01T17:45:00Z,245.5605,0,4.51828914714901E-06
2023-01-01T17:46:00Z,244.2855,0,4.51828914714901E-06
2023-01-01T17:47:00Z,242.436,0,4.51828914714901E-06
2023-01-01T17:48:00Z,241.142,0,4.51828914714901E-06
2023-01-01T17:49:00Z,240.8,7.80226277997164,4.51828914714901E-06
2023-01-01T17:50:00Z,239.059,0,4.51828914714901E-06
2023-01-01T17:51:00Z,237.411,0,4.51828914714901E-06
2023-01-01T17:52:00Z,235.278,0,4.51828914714901E-06
2023-01-01T17:53:00Z,234.1895,0,4.51828914714901E-06
2023-01-01T17:54:00Z,231.901,0,4.51828914714901E-06
2023-01-01T17:55:00Z,231.046,0,4.51828914714901E-06
2023-01-01T17:56:00Z,229.305,0,4.51828914714901E-06
2023-01-01T17:57:00Z,227.471,0,4.51828914714901E-06
2023-01-01T17:58:00Z,226.5195,0,4.51828914714901E-06
2023-01-01T17:59:00Z,226.5015,0,4.51828914714901E-06
2023-01-01T18:00:00Z,340.702,0,4.56338185320839E-06
2023-01-01T18:01:00Z,370.0725,0,4.56338185320839E-06
2023-01-01T18:02:00Z,341.1805,0,4.56338185320839E-06
2023-01-01T18:03:00Z,502.5625,0,4.56338185320839E-06
2023-01-01T18:04:00Z,498.3,0,4.56338185320839E-06
2023-01-01T18:05:00Z,495.8045,0,4.56338185320839E-06
2023-01-01T18:06:00Z,495.8975,0,4.56338185320839E-06
2023-01-01T18:07:00Z,496.192,0,4.56338185320839E-06
2023-01-01T18:08:00Z,494.766,0,4.56338185320839E-06
2023-01-01T18:09:00Z,492.968,0,4.56338185320839E-06
2023-01-01T18:10:00Z,305.48,0,4.56338185320839E-06
2023-01-01T18:11:00Z,271.039,0,4.56338185320839E-06
2023-01-01T18:12:00Z,3416.9615,0,4.56338185320839E-06
2023-01-01T18:13:00Z,5413.07,0,4.56338185320839E-06
2023-01-01T18:14:00Z,5420.9615,0,4.56338185320839E-06
2023-01-01T18:15:00Z,5410.729,0,4.56338185320839E-06
2023-01-01T18:16:00Z,5413.9925,0,4.56338185320839E-06
2023-01-01T18:17:00Z,5416.76,0,4.56338185320839E-06
2023-01-01T18:18:00Z,5422.8685,0,4.56338185320839E-06
2023-01-01T18:19:00Z,5413.9615,0,4.56338185320839E-06
2023-01-01T18:20:00Z,5423.791,0,4.56338185320839E-06
2023-01-01T18:21:00Z,3486.004,0,4.56338185320839E-06
2023-01-01T18:22:00Z,3474.0545,0,4.56338185320839E-06
2023-01-01T18:23:00Z,3472.853,0,4.56338185320839E-06
2023-01-01T18:24:00Z,3468.729,0,4.56338185320839E-06
2023-01-01T18:25:00Z,3467.9925,0,4.56338185320839E-06
2023-01-01T18:26:00Z,517.853,0,4.56338185320839E-06
2023-01-01T18:27:00Z,517.915,0,4.56338185320839E-06
2023-01-01T18:28:00Z,517.915,0,4.56338185320839E-06
2023-01-01T18:29:00Z,517.915,0,4.56338185320839E-06
2023-01-01T18:30:00Z,517.9925,0,4.56338185320839E-06
2023-01-01T18:31:00Z,517.853,0,4.56338185320839E-06
2023-01-01T18:32:00Z,517.76,0,4.56338185320839E-06
2023-01-01T18:33:00Z,517.884,0,4.56338185320839E-06
2023-01-01T18:34:00Z,518.0235,0,4.56338185320839E-06
2023-01-01T18:35:00Z,517.9615,0,4.56338185320839E-06
2023-01-01T18:36:00Z,517.915,0,4.56338185320839E-06
2023-01-01T18:37:00Z,517.9615,3.80593173363427,4.56338185320839E-06
2023-01-01T18:38:00Z,518.101,0,4.56338185320839E-06
2023-01-01T18:39:00Z,3476.946,0,4.56338185320839E-06
2023-01-01T18:40:00Z,517.9305,0,4.56338185320839E-06
2023-01-01T18:41:00Z,517.822,0,4.56338185320839E-06
2023-01-01T18:42:00Z,524.101,0,4.56338185320839E-06
2023-01-01T18:43:00Z,523.7445,0,4.56338185320839E-06
2023-01-01T18:44:00Z,523.9925,0,4.56338185320839E-06
2023-01-01T18:45:00Z,524.0545,0,4.56338185320839E-06
2023-01-01T18:46:00Z,523.9615,0,4.56338185320839E-06
2023-01-01T18:47:00Z,523.6515,0,4.56338185320839E-06
2023-01-01T18:48:00Z,523.9615,0,4.56338185320839E-06
2023-01-01T18:49:00Z,277.101,0,4.56338185320839E-06
2023-01-01T18:50:00Z,276.6825,0,4.56338185320839E-06
2023-01-01T18:51:00Z,276.9305,0,4.56338185320839E-06
2023-01-01T18:52:00Z,276.853,0,4.56338185320839E-06
2023-01-01T18:53:00Z,276.791,0,4.56338185320839E-06
2023-01-01T18:54:00Z,275.985,0,4.56338185320839E-06
2023-01-01T18:55:00Z,276.636,0,4.56338185320839E-06
2023-01-01T18:56:00Z,276.9615,0,4.56338185320839E-06
2023-01-01T18:57:00Z,277.0235,0,4.56338185320839E-06
2023-01-01T18:58:00Z,276.915,0,4.56338185320839E-06
2023-01-01T18:59:00Z,277.0235,0,4.56338185320839E-06
2023-01-01T19:00:00Z,276.853,0,4.55436331199651E-06
2023-01-01T19:01:00Z,276.9615,0,4.55436331199651E-06
2023-01-01T19:02:00Z,276.9305,0,4.55436331199651E-06
2023-01-01T19:03:00Z,276.636,0,4.55436331199651E-06
2023-01-01T19:04:00Z,276.915,0,4.55436331199651E-06
2023-01-01T19:05:00Z,276.853,0,4.55436331199651E-06
2023-01-01T19:06:00Z,276.884,0,4.55436331199651E-06
2023-01-01T19:07:00Z,276.853,0,4.55436331199651E-06
2023-01-01T19:08:00Z,428.827,0,4.55436331199651E-06
2023-01-01T19:09:00Z,427.005,0,4.55436331199651E-06
2023-01-01T19:10:00Z,752.5105,0,4.55436331199651E-06
2023-01-01T19:11:00Z,667.186,0,4.55436331199651E-06
2023-01-01T19:12:00Z,652.1605,0,4.55436331199651E-06
2023-01-01T19:13:00Z,644.5235,0,4.55436331199651E-06
2023-01-01T19:14:00Z,640.645,0,4.55436331199651E-06
2023-01-01T19:15:00Z,638.627,0,4.55436331199651E-06
2023-01-01T19:16:00Z,638.451,0,4.55436331199651E-06
2023-01-01T19:17:00Z,635.718,0,4.55436331199651E-06
2023-01-01T19:18:00Z,633.158,0,4.55436331199651E-06
2023-01-01T19:19:00Z,561.188,0,4.55436331199651E-06
2023-01-01T19:20:00Z,407.5435,0,4.55436331199651E-06
2023-01-01T19:21:00Z,406.518,0,4.55436331199651E-06
2023-01-01T19:22:00Z,404.963,0,4.55436331199651E-06
2023-01-01T19:23:00Z,404.2475,0,4.55436331199651E-06
2023-01-01T19:24:00Z,402.938,0,4.55436331199651E-06
2023-01-01T19:25:00Z,402.5495,0,4.55436331199651E-06
2023-01-01T19:26:00Z,401.462,0,4.55436331199651E-06
2023-01-01T19:27:00Z,276.853,0,4.55436331199651E-06
2023-01-01T19:28:00Z,276.853,0,4.55436331199651E-06
2023-01-01T19:29:00Z,276.915,0.845465194058656,4.55436331199651E-06
2023-01-01T19:30:00Z,276.853,0,4.55436331199651E-06
2023-01-01T19:31:00Z,276.791,0,4.55436331199651E-06
2023-01-01T19:32:00Z,276.853,0,4.55436331199651E-06
2023-01-01T19:33:00Z,276.6825,0,4.55436331199651E-06
2023-01-01T19:34:00Z,276.822,0,4.55436331199651E-06
2023-01-01T19:35:00Z,277.0545,0,4.55436331199651E-06
2023-01-01T19:36:00Z,276.884,0,4.55436331199651E-06
2023-01-01T19:37:00Z,276.822,0,4.55436331199651E-06
2023-01-01T19:38:00Z,276.791,0,4.55436331199651E-06
2023-01-01T19:39:00Z,277.0235,0,4.55436331199651E-06
2023-01-01T19:40:00Z,276.884,0,4.55436331199651E-06
2023-01-01T19:41:00Z,276.915,0,4.55436331199651E-06
2023-01-01T19:42:00Z,277.0855,0,4.55436331199651E-06
2023-01-01T19:43:00Z,276.915,0,4.55436331199651E-06
2023-01-01T19:44:00Z,276.7445,0,4.55436331199651E-06
2023-01-01T19:45:00Z,277.163,0,4.55436331199651E-06
2023-01-01T19:46:00Z,276.822,0,4.55436331199651E-06
2023-01-01T19:47:00Z,276.791,0,4.55436331199651E-06
2023-01-01T19:48:00Z,276.9615,0,4.55436331199651E-06
2023-01-01T19:49:00Z,277.0235,0,4.55436331199651E-06
2023-01-01T19:50:00Z,276.822,0,4.55436331199651E-06
2023-01-01T19:51:00Z,276.853,0,4.55436331199651E-06
2023-01-01T19:52:00Z,276.853,0,4.55436331199651E-06
2023-01-01T19:53:00Z,276.9615,0,4.55436331199651E-06
2023-01-01T19:54:00Z,276.8685,0,4.55436331199651E-06
2023-01-01T19:55:00Z,276.8065,0,4.55436331199651E-06
2023-01-01T19:56:00Z,276.7135,0,4.55436331199651E-06
2023-01-01T19:57:00Z,276.853,0,4.55436331199651E-06
2023-01-01T19:58:00Z,276.9615,0,4.55436331199651E-06
2023-01-01T19:59:00Z,276.6825,0,4.55436331199651E-06
2023-01-01T20:00:00Z,277.101,0,4.37399248775903E-06
2023-01-01T20:01:00Z,276.853,0,4.37399248775903E-06
2023-01-01T20:02:00Z,276.915,0,4.37399248775903E-06
2023-01-01T20:03:00Z,276.884,0,4.37399248775903E-06
2023-01-01T20:04:00Z,276.822,0,4.37399248775903E-06
2023-01-01T20:05:00Z,277.0545,0,4.37399248775903E-06
2023-01-01T20:06:00Z,276.791,0,4.37399248775903E-06
2023-01-01T20:07:00Z,312.7705,0,4.37399248775903E-06
2023-01-01T20:08:00Z,312.724,0,4.37399248775903E-06
2023-01-01T20:09:00Z,312.724,0,4.37399248775903E-06
2023-01-01T20:10:00Z,312.662,0,4.37399248775903E-06
2023-01-01T20:11:00Z,312.8635,0,4.37399248775903E-06
2023-01-01T20:12:00Z,312.724,0,4.37399248775903E-06
2023-01-01T20:13:00Z,312.8945,0,4.37399248775903E-06
2023-01-01T20:14:00Z,312.724,0,4.37399248775903E-06
2023-01-01T20:15:00Z,312.8325,0,4.37399248775903E-06
2023-01-01T20:16:00Z,312.631,0,4.37399248775903E-06
2023-01-01T20:17:00Z,312.9255,0,4.37399248775903E-06
2023-01-01T20:18:00Z,584.2685,0,4.37399248775903E-06
2023-01-01T20:19:00Z,572.163,0,4.37399248775903E-06
2023-01-01T20:20:00Z,548.758,0,4.37399248775903E-06
2023-01-01T20:21:00Z,542.744,0,4.37399248775903E-06
2023-01-01T20:22:00Z,539.675,0,4.37399248775903E-06
2023-01-01T20:23:00Z,537.35,0.891182137787647,4.37399248775903E-06
2023-01-01T20:24:00Z,538.2335,0,4.37399248775903E-06
2023-01-01T20:25:00Z,537.7375,0,4.37399248775903E-06
2023-01-01T20:26:00Z,536.327,0,4.37399248775903E-06
2023-01-01T20:27:00Z,533.289,0,4.37399248775903E-06
2023-01-01T20:28:00Z,396.92,0,4.37399248775903E-06
2023-01-01T20:29:00Z,312.755,0,4.37399248775903E-06
2023-01-01T20:30:00Z,312.631,0,4.37399248775903E-06
2023-01-01T20:31:00Z,312.724,0,4.37399248775903E-06
2023-01-01T20:32:00Z,312.8325,0,4.37399248775903E-06
2023-01-01T20:33:00Z,312.6,0,4.37399248775903E-06
2023-01-01T20:34:00Z,312.7395,0,4.37399248775903E-06
2023-01-01T20:35:00Z,312.693,0,4.37399248775903E-06
2023-01-01T20:36:00Z,479.974,0,4.37399248775903E-06
2023-01-01T20:37:00Z,463.28,0,4.37399248775903E-06
2023-01-01T20:38:00Z,461.959,0,4.37399248775903E-06
2023-01-01T20:39:00Z,458.2085,0,4.37399248775903E-06
2023-01-01T20:40:00Z,454.68,0,4.37399248775903E-06
2023-01-01T20:41:00Z,453.433,0,4.37399248775903E-06
2023-01-01T20:42:00Z,451.754,0,4.37399248775903E-06
2023-01-01T20:43:00Z,450.495,0,4.37399248775903E-06
2023-01-01T20:44:00Z,449.251,0,4.37399248775903E-06
2023-01-01T20:45:00Z,447.942,0,4.37399248775903E-06
2023-01-01T20:46:00Z,446.838,0,4.37399248775903E-06
2023-01-01T20:47:00Z,445.4235,0,4.37399248775903E-06
2023-01-01T20:48:00Z,444.2575,0,4.37399248775903E-06
2023-01-01T20:49:00Z,442.9635,0,4.37399248775903E-06
2023-01-01T20:50:00Z,441.627,0,4.37399248775903E-06
2023-01-01T20:51:00Z,440.3365,0,4.37399248775903E-06
2023-01-01T20:52:00Z,439.074,0,4.37399248775903E-06
2023-01-01T20:53:00Z,439.012,0,4.37399248775903E-06
2023-01-01T20:54:00Z,438.157,0,4.37399248775903E-06
2023-01-01T20:55:00Z,312.693,0,4.37399248775903E-06
2023-01-01T20:56:00Z,312.693,0,4.37399248775903E-06
2023-01-01T20:57:00Z,312.4605,0,4.37399248775903E-06
2023-01-01T20:58:00Z,312.631,0,4.37399248775903E-06
2023-01-01T20:59:00Z,312.8325,0,4.37399248775903E-06
2023-01-01T21:00:00Z,312.755,0,3.87797272110594E-06
2023-01-01T21:01:00Z,312.755,0,3.87797272110594E-06
2023-01-01T21:02:00Z,312.8015,0,3.87797272110594E-06
2023-01-01T21:03:00Z,312.755,0,3.87797272110594E-06
2023-01-01T21:04:00Z,312.941,0,3.87797272110594E-06
2023-01-01T21:05:00Z,312.569,0,3.87797272110594E-06
2023-01-01T21:06:00Z,312.724,0,3.87797272110594E-06
2023-01-01T21:07:00Z,306.6465,0,3.87797272110594E-06
2023-01-01T21:08:00Z,306.8015,0,3.87797272110594E-06
2023-01-01T21:09:00Z,306.8635,0,3.87797272110594E-06
2023-01-01T21:10:00Z,306.755,0,3.87797272110594E-06
2023-01-01T21:11:00Z,306.662,0.907060521428928,3.87797272110594E-06
2023-01-01T21:12:00Z,306.693,0,3.87797272110594E-06
2023-01-01T21:13:00Z,306.9875,0,3.87797272110594E-06
2023-01-01T21:14:00Z,306.693,0,3.87797272110594E-06
2023-01-01T21:15:00Z,306.8015,0,3.87797272110594E-06
2023-01-01T21:16:00Z,306.693,0,3.87797272110594E-06
2023-01-01T21:17:00Z,306.8635,0,3.87797272110594E-06
2023-01-01T21:18:00Z,306.7395,0,3.87797272110594E-06
2023-01-01T21:19:00Z,306.5845,0,3.87797272110594E-06
2023-01-01T21:20:00Z,306.8325,0,3.87797272110594E-06
2023-01-01T21:21:00Z,307.003,0,3.87797272110594E-06
2023-01-01T21:22:00Z,306.693,0,3.87797272110594E-06
2023-01-01T21:23:00Z,306.8635,0,3.87797272110594E-06
2023-01-01T21:24:00Z,306.8635,0,3.87797272110594E-06
2023-01-01T21:25:00Z,306.941,0,3.87797272110594E-06
2023-01-01T21:26:00Z,306.8015,0,3.87797272110594E-06
2023-01-01T21:27:00Z,450.8585,0,3.87797272110594E-06
2023-01-01T21:28:00Z,575.3235,0,3.87797272110594E-06
2023-01-01T21:29:00Z,545.331,0,3.87797272110594E-06
2023-01-01T21:30:00Z,537.705,0,3.87797272110594E-06
2023-01-01T21:31:00Z,533.4425,0,3.87797272110594E-06
2023-01-01T21:32:00Z,531.536,0,3.87797272110594E-06
2023-01-01T21:33:00Z,532.125,0,3.87797272110594E-06
2023-01-01T21:34:00Z,531.598,0,3.87797272110594E-06
2023-01-01T21:35:00Z,530.1565,0,3.87797272110594E-06
2023-01-01T21:36:00Z,527.785,0,3.87797272110594E-06
2023-01-01T21:37:00Z,308.2275,0,3.87797272110594E-06
2023-01-01T21:38:00Z,306.7705,0,3.87797272110594E-06
2023-01-01T21:39:00Z,306.662,0,3.87797272110594E-06
2023-01-01T21:40:00Z,306.7705,0,3.87797272110594E-06
2023-01-01T21:41:00Z,306.662,0,3.87797272110594E-06
2023-01-01T21:42:00Z,306.8325,0,3.87797272110594E-06
2023-01-01T21:43:00Z,306.693,0,3.87797272110594E-06
2023-01-01T21:44:00Z,306.755,0,3.87797272110594E-06
2023-01-01T21:45:00Z,306.879,0,3.87797272110594E-06
2023-01-01T21:46:00Z,306.755,0,3.87797272110594E-06
2023-01-01T21:47:00Z,306.8325,0,3.87797272110594E-06
2023-01-01T21:48:00Z,306.8015,0,3.87797272110594E-06
2023-01-01T21:49:00Z,306.8635,0,3.87797272110594E-06
2023-01-01T21:50:00Z,306.569,0,3.87797272110594E-06
2023-01-01T21:51:00Z,307.034,0,3.87797272110594E-06
2023-01-01T21:52:00Z,306.6,0,3.87797272110594E-06
2023-01-01T21:53:00Z,306.8015,0,3.87797272110594E-06
2023-01-01T21:54:00Z,306.538,0,3.87797272110594E-06
2023-01-01T21:55:00Z,306.724,0,3.87797272110594E-06
2023-01-01T21:56:00Z,306.8635,0,3.87797272110594E-06
2023-01-01T21:57:00Z,306.693,0,3.87797272110594E-06
2023-01-01T21:58:00Z,306.693,0,3.87797272110594E-06
2023-01-01T21:59:00Z,306.7705,0,3.87797272110594E-06
2023-01-01T22:00:00Z,307.003,0,2.78672923446915E-06
2023-01-01T22:01:00Z,306.8015,0,2.78672923446915E-06
2023-01-01T22:02:00Z,306.8945,0,2.78672923446915E-06
2023-01-01T22:03:00Z,306.662,0,2.78672923446915E-06
2023-01-01T22:04:00Z,482.982,0,2.78672923446915E-06
2023-01-01T22:05:00Z,458.698,0,2.78672923446915E-06
2023-01-01T22:06:00Z,441.118,0,2.78672923446915E-06
2023-01-01T22:07:00Z,452.3325,0,2.78672923446915E-06
2023-01-01T22:08:00Z,449.162,0,2.78672923446915E-06
2023-01-01T22:09:00Z,447.1215,0,2.78672923446915E-06
2023-01-01T22:10:00Z,445.568,0,2.78672923446915E-06
2023-01-01T22:11:00Z,444.6965,0,2.78672923446915E-06
2023-01-01T22:12:00Z,443.5,0,2.78672923446915E-06
2023-01-01T22:13:00Z,443.0605,0,2.78672923446915E-06
2023-01-01T22:14:00Z,440.994,0,2.78672923446915E-06
2023-01-01T22:15:00Z,440.1235,0,2.78672923446915E-06
2023-01-01T22:16:00Z,438.429,0,2.78672923446915E-06
2023-01-01T22:17:00Z,438.522,0,2.78672923446915E-06
2023-01-01T22:18:00Z,435.907,0,2.78672923446915E-06
2023-01-01T22:19:00Z,435.2225,0,2.78672923446915E-06
2023-01-01T22:20:00Z,434.321,0,2.78672923446915E-06
2023-01-01T22:21:00Z,433.012,0,2.78672923446915E-06
2023-01-01T22:22:00Z,431.706,0,2.78672923446915E-06
2023-01-01T22:23:00Z,448.3815,0,2.78672923446915E-06
2023-01-01T22:24:00Z,306.6465,0,2.78672923446915E-06
2023-01-01T22:25:00Z,306.8015,0,2.78672923446915E-06
2023-01-01T22:26:00Z,306.7085,0,2.78672923446915E-06
2023-01-01T22:27:00Z,306.6775,0,2.78672923446915E-06
2023-01-01T22:28:00Z,306.662,0,2.78672923446915E-06
2023-01-01T22:29:00Z,306.8635,0,2.78672923446915E-06
2023-01-01T22:30:00Z,306.693,0,2.78672923446915E-06
2023-01-01T22:31:00Z,306.8015,0,2.78672923446915E-06
2023-01-01T22:32:00Z,306.8015,0,2.78672923446915E-06
2023-01-01T22:33:00Z,306.6775,0,2.78672923446915E-06
2023-01-01T22:34:00Z,306.7705,0,2.78672923446915E-06
2023-01-01T22:35:00Z,306.8015,0,2.78672923446915E-06
2023-01-01T22:36:00Z,306.6,0,2.78672923446915E-06
2023-01-01T22:37:00Z,306.724,0,2.78672923446915E-06
2023-01-01T22:38:00Z,516.656,3.89597905890993,2.78672923446915E-06
2023-01-01T22:39:00Z,565.8685,0,2.78672923446915E-06
2023-01-01T22:40:00Z,542.9595,0,2.78672923446915E-06
2023-01-01T22:41:00Z,537.147,0,2.78672923446915E-06
2023-01-01T22:42:00Z,533.4115,0,2.78672923446915E-06
2023-01-01T22:43:00Z,531.784,0,2.78672923446915E-06
2023-01-01T22:44:00Z,531.8615,0,2.78672923446915E-06
2023-01-01T22:45:00Z,530.4975,0,2.78672923446915E-06
2023-01-01T22:46:00Z,530.079,0,2.78672923446915E-06
2023-01-01T22:47:00Z,495.1885,5.7338311167956,2.78672923446915E-06
2023-01-01T22:48:00Z,306.693,0,2.78672923446915E-06
2023-01-01T22:49:00Z,306.693,0,2.78672923446915E-06
2023-01-01T22:50:00Z,306.7395,0,2.78672923446915E-06
2023-01-01T22:51:00Z,306.7085,0.363885463840715,2.78672923446915E-06
2023-01-01T22:52:00Z,306.755,0,2.78672923446915E-06
2023-01-01T22:53:00Z,306.7705,0,2.78672923446915E-06
2023-01-01T22:54:00Z,306.6465,0,2.78672923446915E-06
2023-01-01T22:55:00Z,306.7705,0,2.78672923446915E-06
2023-01-01T22:56:00Z,306.8015,0,2.78672923446915E-06
2023-01-01T22:57:00Z,306.7395,0,2.78672923446915E-06
2023-01-01T22:58:00Z,270.8065,0,2.78672923446915E-06
2023-01-01T22:59:00Z,270.8685,0,2.78672923446915E-06
2023-01-01T23:00:00Z,271.0855,0,2.21856113812107E-06
2023-01-01T23:01:00Z,270.6825,0,2.21856113812107E-06
2023-01-01T23:02:00Z,271.132,0,2.21856113812107E-06
2023-01-01T23:03:00Z,271.256,0,2.21856113812107E-06
2023-01-01T23:04:00Z,271.2095,0,2.21856113812107E-06
2023-01-01T23:05:00Z,271.008,0,2.21856113812107E-06
2023-01-01T23:06:00Z,270.9615,0,2.21856113812107E-06
2023-01-01T23:07:00Z,270.9615,0,2.21856113812107E-06
2023-01-01T23:08:00Z,270.6825,0,2.21856113812107E-06
2023-01-01T23:09:00Z,270.822,0,2.21856113812107E-06
2023-01-01T23:10:00Z,270.8065,0,2.21856113812107E-06
2023-01-01T23:11:00Z,270.6825,0,2.21856113812107E-06
2023-01-01T23:12:00Z,270.574,0,2.21856113812107E-06
2023-01-01T23:13:00Z,271.008,0,2.21856113812107E-06
2023-01-01T23:14:00Z,270.3105,0,2.21856113812107E-06
2023-01-01T23:15:00Z,270.512,0,2.21856113812107E-06
2023-01-01T23:16:00Z,297.142,0,2.21856113812107E-06
2023-01-01T23:17:00Z,270.7135,0,2.21856113812107E-06
2023-01-01T23:18:00Z,270.667,0,2.21856113812107E-06
2023-01-01T23:19:00Z,270.6515,0,2.21856113812107E-06
2023-01-01T23:20:00Z,426.997,0,2.21856113812107E-06
2023-01-01T23:21:00Z,422.517,0,2.21856113812107E-06
2023-01-01T23:22:00Z,420.2895,0,2.21856113812107E-06
2023-01-01T23:23:00Z,416.0585,0,2.21856113812107E-06
2023-01-01T23:24:00Z,414.146,0,2.21856113812107E-06
2023-01-01T23:25:00Z,412.5445,0,2.21856113812107E-06
2023-01-01T23:26:00Z,411.018,0,2.21856113812107E-06
2023-01-01T23:27:00Z,409.3235,0,2.21856113812107E-06
2023-01-01T23:28:00Z,407.722,0,2.21856113812107E-06
2023-01-01T23:29:00Z,406.677,0,2.21856113812107E-06
2023-01-01T23:30:00Z,404.0045,0,2.21856113812107E-06
2023-01-01T23:31:00Z,402.651,0,2.21856113812107E-06
2023-01-01T23:32:00Z,401.838,0,2.21856113812107E-06
2023-01-01T23:33:00Z,399.336,1.25502228957694,2.21856113812107E-06
2023-01-01T23:34:00Z,399.274,0,2.21856113812107E-06
2023-01-01T23:35:00Z,398.1855,0,2.21856113812107E-06
2023-01-01T23:36:00Z,396.7985,0,2.21856113812107E-06
2023-01-01T23:37:00Z,395.3535,0,2.21856113812107E-06
2023-01-01T23:38:00Z,270.7135,0,2.21856113812107E-06
2023-01-01T23:39:00Z,271.101,0,2.21856113812107E-06
2023-01-01T23:40:00Z,270.8685,0,2.21856113812107E-06
2023-01-01T23:41:00Z,270.9925,0,2.21856113812107E-06
2023-01-01T23:42:00Z,270.8685,0,2.21856113812107E-06
2023-01-01T23:43:00Z,270.667,0,2.21856113812107E-06
2023-01-01T23:44:00Z,271.0235,0,2.21856113812107E-06
2023-01-01T23:45:00Z,270.8375,0,2.21856113812107E-06
2023-01-01T23:46:00Z,270.7445,0,2.21856113812107E-06
2023-01-01T23:47:00Z,270.853,0,2.21856113812107E-06
2023-01-01T23:48:00Z,584.077,0,2.21856113812107E-06
2023-01-01T23:49:00Z,516.3575,0,2.21856113812107E-06
2023-01-01T23:50:00Z,504.996,0,2.21856113812107E-06
2023-01-01T23:51:00Z,500.563,0,2.21856113812107E-06
2023-01-01T23:52:00Z,497.37,0,2.21856113812107E-06
2023-01-01T23:53:00Z,521.7665,0,2.21856113812107E-06
2023-01-01T23:54:00Z,522.433,0,2.21856113812107E-06
2023-01-01T23:55:00Z,520.8675,0,2.21856113812107E-06
2023-01-01T23:56:00Z,493.8515,0,2.21856113812107E-06
2023-01-01T23:57:00Z,488.845,0,2.21856113812107E-06
2023-01-01T23:58:00Z,271.0545,0,2.21856113812107E-06
2023-01-01T23:59:00Z,224.791,0,2.21856113812107E-06
